r,delta,seed,sample_dt,rule,cycles,mean_N,median_N,integer_fraction,band1,band2,band3,event_R1,event_R2,interval_R,next2_given2,event_Omega
0.0,0.0,201,0.05,raw,476,2.3391426094315455,2.326189645271648,0.1092436974789916,0.0,0.09453781512605042,0.01050420168067227,0.03598134081962937,0.018682336328496366,0.4054808207898618,0.1111111111111111,0.9975164934045538
0.0,0.0,201,0.05,hysteresis,455,2.447103037559156,2.3494089323633425,0.10989010989010989,0.0,0.08571428571428572,0.015384615384615385,0.04302424393080678,0.03200410350548832,0.42258249757287053,0.10256410256410256,0.9535084128131764
0.0,0.0,201,0.2,raw,476,2.3391387423327545,2.3263043624320323,0.10714285714285714,0.0,0.09243697478991597,0.01050420168067227,0.03554747319820594,0.019870293540663043,0.40604199379680517,0.11363636363636363,0.9975181425135855
0.0,0.0,201,0.2,hysteresis,455,2.4470989919788817,2.3491002381505646,0.10989010989010989,0.0,0.08351648351648351,0.015384615384615385,0.04270573916049687,0.033174083796046,0.42246058931587677,0.10526315789473684,0.9535099891673978
0.0,1.0,201,0.05,raw,537,2.074214698832161,2.2324992718411445,0.19180633147113593,0.054003724394785846,0.12104283054003724,0.01675977653631285,0.39851290086613356,0.04162711647316541,0.2702124640435263,0.1076923076923077,1.124923728795801
0.0,1.0,201,0.05,hysteresis,495,2.248862761673608,2.2731505897704833,0.18383838383838383,0.028282828282828285,0.13131313131313133,0.022222222222222223,0.3853449896289885,0.06240191334088626,0.2950721563276841,0.16923076923076924,1.0375614613302868
0.0,1.0,201,0.2,raw,534,2.0858618854778785,2.235328072797587,0.19288389513108614,0.054307116104868915,0.1198501872659176,0.018726591760299626,0.396395385776925,0.043733431579914404,0.2702871117123177,0.109375,1.1186422982165753
0.0,1.0,201,0.2,hysteresis,494,2.2534229714062284,2.2743099529063233,0.18218623481781376,0.02834008097165992,0.12955465587044535,0.022267206477732792,0.38109405442599975,0.06421059673395631,0.2995114473626332,0.171875,1.0354617676934559
0.0,1.5,201,0.05,raw,592,1.8815899800424516,2.1400462456526896,0.23141891891891891,0.10304054054054054,0.11655405405405406,0.010135135135135136,0.5484977455370945,0.13746955011604142,0.2730714314116837,0.17391304347826086,1.2400859688255197
0.0,1.5,201,0.05,hysteresis,533,2.0898710472516537,2.2039019175133867,0.24765478424015008,0.075046904315197,0.14821763602251406,0.0225140712945591,0.5460647404994209,0.15617138363878458,0.29127835115020007,0.20253164556962025,1.1164963199054088
0.0,1.5,201,0.2,raw,590,1.8866799889666153,2.1411840998520892,0.22372881355932203,0.09830508474576272,0.1152542372881356,0.010169491525423728,0.5434198535453135,0.13096633557628015,0.2692656985232576,0.17647058823529413,1.2367403836256101
0.0,1.5,201,0.2,hysteresis,529,2.1042366606621985,2.2073132175572736,0.24196597353497165,0.06994328922495274,0.14933837429111532,0.022684310018903593,0.5384749161124177,0.153580378558054,0.2919189233828417,0.22784810126582278,1.1088740049795724
0.0,2.0,201,0.05,raw,668,1.6675561234305578,1.9896616662487165,0.26497005988023953,0.15119760479041916,0.1062874251497006,0.0074850299401197605,0.626688985019316,0.17663800641150648,0.34173837581768707,0.15492957746478872,1.3992532548368535
0.0,2.0,201,0.05,hysteresis,600,1.8565458174193539,2.1042432568403253,0.2816666666666667,0.12333333333333334,0.14666666666666667,0.011666666666666667,0.6524357637503869,0.2170265417769892,0.35662363671284575,0.20454545454545456,1.2568143007516648
0.0,2.0,201,0.2,raw,665,1.6738555815879381,2.0003836291557673,0.2586466165413534,0.14887218045112782,0.10225563909774436,0.007518796992481203,0.6214582832991941,0.16901451940539244,0.33265760177354053,0.16176470588235295,1.393987246569843
0.0,2.0,201,0.2,hysteresis,597,1.8645124987537334,2.105450193998665,0.27638190954773867,0.12060301507537688,0.1440536013400335,0.011725293132328308,0.6461509516701489,0.20903827673750036,0.3477675167542862,0.20930232558139536,1.2514441897777389
0.0,3.0,201,0.05,raw,807,1.3792825159679976,1.1107769504450546,0.3420074349442379,0.26270136307311026,0.07434944237918216,0.004956629491945477,0.7547785106060967,0.31872249618011805,0.46377473335161234,0.08333333333333333,1.6917007982920533
0.0,3.0,201,0.05,hysteresis,732,1.5206024458827516,1.1691247600616728,0.383879781420765,0.2540983606557377,0.12431693989071038,0.00546448087431694,0.7855022309112757,0.380027390893462,0.5354190971345284,0.17582417582417584,1.5344795345102642
0.0,3.0,201,0.2,raw,804,1.3844295330402214,1.1139244995120012,0.3358208955223881,0.25870646766169153,0.07213930348258707,0.004975124378109453,0.7487647892347837,0.3101652887371684,0.4553994324389953,0.06896551724137931,1.6854114114492411
0.0,3.0,201,0.2,hysteresis,728,1.5289578908850796,1.1761980353589965,0.37637362637362637,0.24725274725274726,0.12362637362637363,0.005494505494505495,0.7804643965769958,0.37160615375558914,0.5261092055806483,0.15555555555555556,1.5260939148445865
0.0,4.0,201,0.05,raw,931,1.1955572488274588,1.0404778451488061,0.3802363050483351,0.3276047261009667,0.05263157894736842,0.0,0.8045849257377559,0.42038367080033434,0.5209257299012873,0.14285714285714285,1.9516700982924462
0.0,4.0,201,0.05,hysteresis,866,1.2852930700443006,1.0600725199483259,0.43187066974595845,0.3394919168591224,0.09122401847575058,0.0011547344110854503,0.8351099964980647,0.4840927077289518,0.6080653942231148,0.12658227848101267,1.8154095651141338
0.0,4.0,201,0.2,raw,928,1.1994223699707107,1.0412403522984035,0.38254310344827586,0.3275862068965517,0.05495689655172414,0.0,0.8000752866254967,0.4129190646464213,0.5158487590528725,0.13725490196078433,1.945380869785105
0.0,4.0,201,0.2,hysteresis,864,1.2882684714500228,1.0610440767742015,0.42939814814814814,0.33796296296296297,0.09027777777777778,0.0011574074074074073,0.8293585993372304,0.4730146125107131,0.597548586252616,0.1282051282051282,1.811216671868891
0.5,0.0,201,0.05,raw,475,2.339552705406989,2.325744526557383,0.14105263157894737,0.002105263157894737,0.11578947368421053,0.018947368421052633,0.018257997345401497,0.03926169950459594,0.33346642883391553,0.07272727272727272,0.9973416405369785
0.5,0.0,201,0.05,hysteresis,452,2.458600741301593,2.3346042193054606,0.14380530973451328,0.0,0.1172566371681416,0.015486725663716814,0.02392110307440508,0.033428361628731446,0.34810879906238623,0.07547169811320754,0.9490493084688721
0.5,0.0,201,0.2,raw,475,2.3395531927793543,2.3264637405451767,0.13894736842105262,0.002105263157894737,0.11578947368421053,0.018947368421052633,0.01787249478843041,0.03954471632578662,0.3345377040606539,0.07272727272727272,0.9973414327721986
0.5,0.0,201,0.2,hysteresis,452,2.4586012534738795,2.334854258345022,0.14380530973451328,0.0,0.1172566371681416,0.015486725663716814,0.02399705582994275,0.03312783715005831,0.34871192726511047,0.07547169811320754,0.9490491107642817
0.5,1.0,201,0.05,raw,523,2.1253938654488795,2.247220315141222,0.20076481835564053,0.05162523900573614,0.12810707456978968,0.021032504780114723,0.36023057072396164,0.08853903656000262,0.23983949692095788,0.1044776119402985,1.0978357335385165
0.5,1.0,201,0.05,hysteresis,480,2.315793732562008,2.3010481938081693,0.19375,0.014583333333333334,0.13541666666666666,0.0375,0.3350379684474867,0.09860218026464501,0.26144670919592616,0.09230769230769231,1.0075739045860188
0.5,1.0,201,0.2,raw,523,2.125386048213224,2.2480050726108884,0.20076481835564053,0.05162523900573614,0.12810707456978968,0.021032504780114723,0.35474994003756416,0.08744214449828122,0.2409642972463183,0.1044776119402985,1.0978397714123171
0.5,1.0,201,0.2,hysteresis,479,2.3206198396983635,2.3045565999722424,0.1941544885177453,0.014613778705636743,0.13569937369519833,0.037578288100208766,0.330155381652638,0.09935681395261241,0.26348787863959316,0.09230769230769231,1.0054784904521987
0.5,1.5,201,0.05,raw,562,1.9780087058568467,2.1755464903654986,0.23843416370106763,0.09608540925266904,0.12811387900355872,0.014234875444839857,0.4935905929618308,0.11020801506515397,0.24870104259903789,0.1527777777777778,1.179637544781465
0.5,1.5,201,0.05,hysteresis,504,2.205636691848309,2.237415171830621,0.24206349206349206,0.0496031746031746,0.16666666666666666,0.021825396825396824,0.471131549349477,0.13128342694914094,0.2598312140370123,0.20238095238095238,1.0578955917613138
0.5,1.5,201,0.2,raw,561,1.9815296115234333,2.1751986169050483,0.23885918003565063,0.0962566844919786,0.12834224598930483,0.0142602495543672,0.4883123373271479,0.10649825953863165,0.24435969364851504,0.1527777777777778,1.177541491060246
0.5,1.5,201,0.2,hysteresis,504,2.2056311747314408,2.23822522990517,0.24206349206349206,0.0496031746031746,0.16666666666666666,0.021825396825396824,0.46576768691260373,0.1292536522007039,0.2581696957334936,0.20238095238095238,1.057898237957868
0.5,2.0,201,0.05,raw,606,1.8382784196027442,2.1038102273378088,0.2838283828382838,0.14026402640264027,0.13036303630363036,0.013201320132013201,0.5758273922743549,0.15491020682933263,0.30104130614116176,0.22784810126582278,1.2693035551369698
0.5,2.0,201,0.05,hysteresis,543,2.0472842030893363,2.1748177333582768,0.3020257826887661,0.10865561694290976,0.1731123388581952,0.020257826887661142,0.5713154051669742,0.18070502633442498,0.3025234131161943,0.26595744680851063,1.1397212608842247
0.5,2.0,201,0.2,raw,605,1.8413165259461148,2.1052410880794836,0.28429752066115704,0.13884297520661157,0.1322314049586777,0.013223140495867768,0.5699407958398236,0.15175519287263053,0.29751836279359806,0.225,1.2672092497157206
0.5,2.0,201,0.2,hysteresis,541,2.0548501384570756,2.176756751600322,0.30129390018484287,0.10536044362292052,0.1756007393715342,0.02033271719038817,0.5654781368580649,0.17836887472633564,0.2985726034713848,0.2631578947368421,1.1355248198709822
0.5,3.0,201,0.05,raw,702,1.586901796018034,1.2799847260785457,0.32193732193732194,0.2094017094017094,0.10683760683760683,0.005698005698005698,0.6744664433799185,0.23609433485361275,0.37572074122003296,0.16,1.4703703399846781
0.5,3.0,201,0.05,hysteresis,615,1.8113903427718048,2.0697632423907675,0.34308943089430893,0.16585365853658537,0.16747967479674797,0.00975609756097561,0.6928327883976056,0.2876982752782664,0.4194098230198406,0.23300970873786409,1.288144955969483
0.5,3.0,201,0.2,raw,699,1.5927592710748322,1.2973668186746612,0.32474964234620884,0.21030042918454936,0.10872675250357654,0.005722460658082976,0.6685480851748219,0.22916900208609015,0.3704770072469742,0.15789473684210525,1.4649629581240762
0.5,3.0,201,0.2,hysteresis,610,1.8251454598054224,2.0752020971525234,0.34262295081967215,0.16393442622950818,0.16885245901639345,0.009836065573770493,0.6878666505668855,0.28197777454718165,0.41260805324143623,0.23300970873786409,1.2784369162456173
0.5,4.0,201,0.05,raw,775,1.4374233911094831,1.1255455528740224,0.3406451612903226,0.24774193548387097,0.09161290322580645,0.0012903225806451613,0.7330055015996934,0.31335955381946606,0.4214246214639432,0.15492957746478872,1.6232749152164117
0.5,4.0,201,0.05,hysteresis,683,1.631044111434626,1.9169919948628638,0.37774524158125916,0.21815519765739386,0.15519765739385066,0.004392386530014641,0.7548985411147563,0.37029545564896515,0.5021805189441818,0.20754716981132076,1.4305764736681408
0.5,4.0,201,0.2,raw,770,1.4457971278272825,1.1379716715938417,0.34155844155844156,0.24805194805194805,0.09220779220779221,0.0012987012987012987,0.726749715062231,0.3062078420320155,0.41332386420459216,0.16901408450704225,1.613873266465693
0.5,4.0,201,0.2,hysteresis,680,1.637152630039717,1.9375615686994567,0.375,0.21470588235294116,0.15588235294117647,0.004411764705882353,0.7486324919753921,0.3594461282165008,0.49179615137412824,0.20754716981132076,1.4252387288268455
0.0,0.0,202,0.05,raw,476,2.3308962138499343,2.3234117824981384,0.09033613445378151,0.0021008403361344537,0.07563025210084033,0.01050420168067227,0.04154291830209054,0.027566410721114164,0.4372895463473843,0.05555555555555555,1.0010455718572615
0.0,0.0,202,0.05,hysteresis,444,2.4988887337670467,2.345800920198214,0.09234234234234234,0.0,0.06981981981981981,0.009009009009009009,0.0426125103310732,0.019646413530821173,0.46775056018139244,0.06451612903225806,0.9337483905559331
0.0,0.0,202,0.2,raw,475,2.3358044807875253,2.3249451299591795,0.09263157894736843,0.004210526315789474,0.07368421052631578,0.010526315789473684,0.039262094316222976,0.025581247445030125,0.4380734248355453,0.05714285714285714,0.9989420572335923
0.0,0.0,202,0.2,hysteresis,444,2.498889928770438,2.3465833318227363,0.09234234234234234,0.0,0.06981981981981981,0.009009009009009009,0.042404262168567804,0.020179642092391408,0.46814048158766236,0.06451612903225806,0.9337479440246631
0.0,1.0,202,0.05,raw,538,2.062191992039984,2.2240436102611465,0.20631970260223048,0.06505576208178439,0.120817843866171,0.020446096654275093,0.43745060104814754,0.10868007568718228,0.31129463348033953,0.15384615384615385,1.131482103674124
0.0,1.0,202,0.05,hysteresis,489,2.268832907397774,2.278156284302304,0.21063394683026584,0.034764826175869123,0.130879345603272,0.04294478527607362,0.42306249754394354,0.13432972603356502,0.31645773208823985,0.1875,1.028428900923135
0.0,1.0,202,0.2,raw,537,2.06603447998119,2.226038612601436,0.2085661080074488,0.0670391061452514,0.1191806331471136,0.0223463687150838,0.43143608304073433,0.10440590692526926,0.3118293844755031,0.15625,1.1293777310795787
0.0,1.0,202,0.2,hysteresis,486,2.2828405673866237,2.2789864577148835,0.20987654320987653,0.03292181069958848,0.13168724279835392,0.0411522633744856,0.4159690954467963,0.1296778960465914,0.31804562913579737,0.1875,1.0221183934910154
0.0,1.5,202,0.05,raw,594,1.8677289824595429,2.146403932141792,0.2609427609427609,0.12121212121212122,0.11784511784511785,0.021885521885521887,0.5624449180642319,0.16624500303146972,0.3105270478925499,0.18571428571428572,1.2492890324273136
0.0,1.5,202,0.05,hysteresis,535,2.073702832861623,2.1998798195096554,0.27476635514018694,0.08971962616822429,0.15700934579439252,0.028037383177570093,0.5640574449067346,0.20127355380049528,0.32832688095897905,0.27380952380952384,1.125201401260291
0.0,1.5,202,0.2,raw,594,1.8677321286658128,2.1485582888262704,0.2558922558922559,0.11784511784511785,0.11616161616161616,0.021885521885521887,0.5555668837736933,0.1610462577057777,0.3067660070081746,0.18840579710144928,1.2492869279922467
0.0,1.5,202,0.2,hysteresis,534,2.0775896712125337,2.2023049592179227,0.27153558052434457,0.0898876404494382,0.15355805243445692,0.028089887640449437,0.5589825657309876,0.19928922548901204,0.3240169075502477,0.2804878048780488,1.1230963292051512
0.0,2.0,202,0.05,raw,659,1.683454475983574,2.0025697534405156,0.2867981790591806,0.18664643399089528,0.08649468892261002,0.013657056145675266,0.6534115259698404,0.23205590600964768,0.3613831429170509,0.10526315789473684,1.3860388662841994
0.0,2.0,202,0.05,hysteresis,579,1.9160561306963302,2.1259668634627467,0.307426597582038,0.1381692573402418,0.14162348877374784,0.027633851468048358,0.6697709194592579,0.285025096383898,0.39640049956648504,0.21951219512195122,1.2177792163559202
0.0,2.0,202,0.2,raw,657,1.6885793341088744,2.0105989990724544,0.2831050228310502,0.182648401826484,0.0867579908675799,0.0136986301369863,0.6470531015517773,0.2274616415259001,0.35608640920422113,0.10526315789473684,1.3818322220345776
0.0,2.0,202,0.2,hysteresis,578,1.919371319220641,2.131623775762403,0.3044982698961938,0.13667820069204153,0.14013840830449828,0.02768166089965398,0.6649521309626871,0.2801976759590971,0.39217827657050097,0.2222222222222222,1.2156758361278326
0.0,3.0,202,0.05,raw,789,1.4059761921869005,1.1121061612490288,0.33460076045627374,0.26996197718631176,0.060836501901140684,0.0038022813688212928,0.7514047723003364,0.34364690451882907,0.4641535501598919,0.0625,1.6595823928597198
0.0,3.0,202,0.05,hysteresis,714,1.553662766996449,1.1707542877570254,0.3907563025210084,0.26750700280112044,0.11204481792717087,0.011204481792717087,0.7831488965492132,0.4106693290640751,0.535634292474574,0.1375,1.5018274125498605
0.0,3.0,202,0.2,raw,789,1.4059768836829902,1.115227055007579,0.33079847908745247,0.2674271229404309,0.060836501901140684,0.0025348542458808617,0.7436471974942672,0.3330797176471245,0.45107467472711266,0.0625,1.6595815766338284
0.0,3.0,202,0.2,hysteresis,713,1.5558425823644866,1.1755038495973555,0.3870967741935484,0.2650771388499299,0.11220196353436185,0.009817671809256662,0.7769617510572673,0.40177813283603886,0.5245929800442846,0.1375,1.4997232752090237
0.0,4.0,202,0.05,raw,904,1.229181376231236,1.0398764079762555,0.4059734513274336,0.3639380530973451,0.0420353982300885,0.0,0.8073155978463558,0.43329058620703076,0.538811957730109,0.10526315789473684,1.8982823678044256
0.0,4.0,202,0.05,hysteresis,830,1.338771041100045,1.0668062056472964,0.4566265060240964,0.36987951807228914,0.0855421686746988,0.0012048192771084338,0.8378509091462074,0.5008210898470532,0.6188288386253451,0.08571428571428572,1.7428919969885766
0.0,4.0,202,0.2,raw,903,1.230548061042475,1.040396451383173,0.39424141749723146,0.35105204872646734,0.04318936877076412,0.0,0.8008062267457907,0.4222715819694773,0.527748227559436,0.10256410256410256,1.8961740765790327
0.0,4.0,202,0.2,hysteresis,828,1.3420107477311047,1.0677732890137388,0.44565217391304346,0.35628019323671495,0.08816425120772947,0.0012077294685990338,0.8330838643758331,0.4916647456959868,0.6107435291439972,0.08333333333333333,1.738684535334927
0.5,0.0,202,0.05,raw,473,2.3452723058260454,2.315244207775914,0.10782241014799154,0.0021141649048625794,0.08456659619450317,0.021141649048625793,0.03440217176054812,0.04128977190369532,0.39301229110294367,0.075,0.9949093448709331
0.5,0.0,202,0.05,hysteresis,450,2.465141779234932,2.328742362842388,0.10222222222222223,0.0,0.08,0.017777777777777778,0.029949320283938523,0.03598072143782075,0.41922520573029215,0.08333333333333333,0.9465310892006763
0.5,0.0,202,0.2,raw,473,2.34527293222531,2.3141307393409196,0.10993657505285412,0.0021141649048625794,0.08668076109936575,0.021141649048625793,0.03402662736413284,0.04112848433774337,0.3929390791892806,0.07317073170731707,0.9949090791404616
0.5,0.0,202,0.2,hysteresis,448,2.4761475378182403,2.3309325979545155,0.10044642857142858,0.0,0.078125,0.017857142857142856,0.0285645303813743,0.03842489907397912,0.42345365780030775,0.08571428571428572,0.9423240326742638
0.5,1.0,202,0.05,raw,513,2.1623616946924504,2.243076315410638,0.17738791423001948,0.037037037037037035,0.11500974658869395,0.025341130604288498,0.37679643556108927,0.0568791499158101,0.3025770040125219,0.11864406779661017,1.079067086260608
0.5,1.0,202,0.05,hysteresis,478,2.32069361794399,2.284825293396316,0.17782426778242677,0.006276150627615063,0.13179916317991633,0.03765690376569038,0.3567597519355624,0.07548897826201367,0.3287976787673603,0.1111111111111111,1.0054465248198259
0.5,1.0,202,0.2,raw,513,2.1623632928885534,2.2436603347542188,0.17153996101364521,0.03508771929824561,0.11306042884990253,0.023391812865497075,0.37285521008019556,0.053643512915559625,0.3026644135804048,0.1206896551724138,1.0790662887254219
0.5,1.0,202,0.2,hysteresis,478,2.32069533316282,2.2848591317677873,0.17154811715481172,0.006276150627615063,0.1297071129707113,0.03347280334728033,0.3534343800068285,0.0735718164790785,0.3291203318645966,0.11290322580645161,1.0054457816973716
0.5,1.5,202,0.05,raw,548,2.02422615443595,2.197323485671377,0.22262773722627738,0.07846715328467153,0.12226277372262774,0.021897810218978103,0.49293723492883534,0.11902298406747336,0.3032308849026945,0.1044776119402985,1.1527038756119208
0.5,1.5,202,0.05,hysteresis,497,2.2319435264203227,2.230430019172781,0.22937625754527163,0.04426559356136821,0.15090543259557343,0.03420523138832998,0.4800286023290646,0.13862188650394996,0.3193807270364342,0.13333333333333333,1.0454266901078915
0.5,1.5,202,0.2,raw,547,2.027927420601842,2.1990053219820034,0.21937842778793418,0.07495429616087751,0.12248628884826325,0.021937842778793418,0.4891271614534078,0.1148615643630262,0.3059736317446047,0.1044776119402985,1.1506000212970415
0.5,1.5,202,0.2,hysteresis,496,2.2364441513492084,2.2310203732991107,0.22782258064516128,0.04233870967741935,0.15120967741935484,0.034274193548387094,0.476933251189158,0.1370664980234309,0.3180933917394354,0.13333333333333333,1.0433228712309555
0.5,2.0,202,0.05,raw,591,1.8769174747264823,2.125008182870223,0.24873096446700507,0.10998307952622674,0.11844331641285956,0.02030456852791878,0.5765568317249643,0.1688521186076153,0.3283046532671431,0.14285714285714285,1.2431731095014515
0.5,2.0,202,0.05,hysteresis,526,2.10885594593793,2.1831979066198306,0.2718631178707224,0.07034220532319392,0.16730038022813687,0.034220532319391636,0.5764025765204825,0.20011987848395787,0.33992672866164125,0.20454545454545456,1.106445102534287
0.5,2.0,202,0.2,raw,590,1.8801003383988053,2.1305165052783477,0.2440677966101695,0.10677966101694915,0.11864406779661017,0.01864406779661017,0.5709239086115159,0.16426328863683648,0.3262319600326189,0.14285714285714285,1.241068514098841
0.5,2.0,202,0.2,hysteresis,526,2.1088577940214734,2.1857332289885774,0.26806083650190116,0.06844106463878327,0.16730038022813687,0.03231939163498099,0.5711842805634482,0.1946648544975639,0.3359066861574296,0.20454545454545456,1.1064441329084582
0.5,3.0,202,0.05,raw,679,1.633613851165589,1.7523846714913183,0.3166421207658321,0.19293078055964655,0.1134020618556701,0.010309278350515464,0.6749012692579536,0.25588269908260686,0.38567452140718583,0.12987012987012986,1.4283261198284354
0.5,3.0,202,0.05,hysteresis,606,1.8304023183852063,2.0813220295110817,0.3465346534653465,0.1551155115511551,0.17326732673267325,0.018151815181518153,0.6922255057644672,0.30701878909710867,0.43648558236504803,0.17142857142857143,1.2747652851487952
0.5,3.0,202,0.2,raw,676,1.6408673886609024,1.9096309815291053,0.3106508875739645,0.1863905325443787,0.11390532544378698,0.010355029585798817,0.6713316292524241,0.249450914627446,0.38065362153584176,0.12987012987012986,1.4220121317893621
0.5,3.0,202,0.2,hysteresis,603,1.8395130260941455,2.083880618582742,0.34328358208955223,0.15091210613598674,0.17412935323383086,0.01824212271973466,0.6891056154997337,0.30403129907352733,0.43481688150411696,0.17142857142857143,1.2684516501020493
0.5,4.0,202,0.05,raw,757,1.4652546994432467,1.1562982273223148,0.35006605019815057,0.24702774108322326,0.09907529722589167,0.003963011889035667,0.7323318188384546,0.31380277139003343,0.43317010246491855,0.17333333333333334,1.5924421428028392
0.5,4.0,202,0.05,hysteresis,672,1.6505919754144902,1.9863993315259827,0.40029761904761907,0.23065476190476192,0.1636904761904762,0.005952380952380952,0.7584072424986483,0.3868410613146648,0.5100714935083847,0.20909090909090908,1.413634240374515
0.5,4.0,202,0.2,raw,756,1.4671932835863373,1.1616832556126369,0.3425925925925926,0.24074074074074073,0.09788359788359788,0.003968253968253968,0.7257159484414359,0.3034154939682463,0.42241439184779467,0.17567567567567569,1.5903380689078979
0.5,4.0,202,0.2,hysteresis,669,1.6579942038733502,1.9901222293450245,0.3931240657698057,0.22720478325859492,0.15844544095665172,0.007473841554559043,0.7539512457785644,0.38112949579694533,0.5010835107137224,0.20754716981132076,1.4073229736764337
0.0,0.0,203,0.05,raw,475,2.336017132881039,2.3223090379929223,0.11578947368421053,0.002105263157894737,0.09263157894736843,0.016842105263157894,0.02622682221810757,0.029841517706571327,0.4389400626330147,0.13953488372093023,0.9988511216335149
0.0,0.0,203,0.05,hysteresis,452,2.454885261324101,2.3378153680451197,0.11061946902654868,0.0,0.084070796460177,0.017699115044247787,0.03167819115356252,0.022547842433433534,0.4569710678456822,0.16216216216216217,0.9504856989017867
0.0,0.0,203,0.2,raw,475,2.3360125164474,2.3221879945961015,0.11789473684210526,0.002105263157894737,0.09263157894736843,0.018947368421052633,0.025886468750747745,0.03002725282893879,0.43791595699312347,0.13953488372093023,0.9988530955655402
0.0,0.0,203,0.2,hysteresis,451,2.4603236037971516,2.340197783521484,0.11086474501108648,0.0,0.082039911308204,0.019955654101995565,0.029576528172889142,0.02190037756697561,0.4585674182996705,0.1388888888888889,0.9483847286317024
0.0,1.0,203,0.05,raw,529,2.0978591300537026,2.238405181692586,0.18147448015122875,0.054820415879017016,0.10586011342155009,0.020793950850661626,0.4221374541068478,0.05779283247473597,0.305008710687619,0.16071428571428573,1.1122450024914698
0.0,1.0,203,0.05,hysteresis,484,2.2929080161124147,2.279636116392777,0.16942148760330578,0.01652892561983471,0.11983471074380166,0.028925619834710745,0.40902014059235126,0.05834649504108632,0.34075458846433115,0.2413793103448276,1.0176305882908723
0.0,1.0,203,0.2,raw,528,2.1018322194635797,2.2411878085864014,0.18181818181818182,0.05303030303030303,0.10795454545454546,0.020833333333333332,0.4162952291782052,0.05573617256482122,0.3092442734327916,0.15789473684210525,1.1101425278982715
0.0,1.0,203,0.2,hysteresis,483,2.297655097053355,2.283044217479112,0.16977225672877846,0.016563146997929608,0.12008281573498965,0.028985507246376812,0.40426432335165663,0.055830922837986845,0.3424595485100374,0.2413793103448276,1.0155281079069418
0.0,1.5,203,0.05,raw,582,1.9069504682125251,2.161417435794071,0.24570446735395188,0.11512027491408934,0.11855670103092783,0.012027491408934709,0.5566929867669327,0.1333981647198646,0.30076110096951336,0.18840579710144928,1.2235940955091913
0.0,1.5,203,0.05,hysteresis,522,2.1251229448067877,2.2046148528638505,0.2567049808429119,0.07471264367816093,0.1532567049808429,0.028735632183908046,0.5640256412955988,0.17291556855821272,0.32653570929039316,0.26582278481012656,1.0979756907878455
0.0,1.5,203,0.2,raw,582,1.9069477156245744,2.1627757851172547,0.23539518900343642,0.10996563573883161,0.1134020618556701,0.012027491408934709,0.5489734255561891,0.12699112035348778,0.2969223782194605,0.19696969696969696,1.2235958617088285
0.0,1.5,203,0.2,hysteresis,521,2.129215093096626,2.2060318112610764,0.2514395393474088,0.07293666026871401,0.14971209213051823,0.028790786948176585,0.558973776750268,0.1689110068289646,0.3264208620900967,0.2727272727272727,1.0958654862528934
0.0,2.0,203,0.05,raw,652,1.702273025318441,2.0257706661728907,0.2791411042944785,0.17791411042944785,0.09202453987730061,0.009202453987730062,0.6493927923180657,0.20305859598347148,0.3413395634514508,0.1,1.3707162709089167
0.0,2.0,203,0.05,hysteresis,584,1.9004828981294923,2.130577654426598,0.3065068493150685,0.1386986301369863,0.14726027397260275,0.02054794520547945,0.6670736429853685,0.25497971169892963,0.38371215457988295,0.1511627906976744,1.2277581322251647
0.0,2.0,203,0.2,raw,645,1.7207449127632093,2.060259385301531,0.2713178294573643,0.17054263565891473,0.09147286821705426,0.009302325581395349,0.6436983668924599,0.19943063731720376,0.3376770064313502,0.11864406779661017,1.3560018780392131
0.0,2.0,203,0.2,hysteresis,578,1.9202084234122316,2.1367965422856017,0.30103806228373703,0.13321799307958476,0.1453287197231834,0.02249134948096886,0.6636243106511398,0.2544113526636796,0.38172004781567115,0.17857142857142858,1.2151458690025816
0.0,3.0,203,0.05,raw,799,1.3891348643900054,1.1094530470274206,0.327909887359199,0.26533166458072593,0.060075093867334166,0.0025031289111389237,0.7509117308724432,0.32136921123167017,0.43362555931992264,0.125,1.6797025207181326
0.0,3.0,203,0.05,hysteresis,707,1.5698992314676299,1.2009426273714099,0.3606789250353607,0.24045261669024046,0.11456859971711457,0.005657708628005658,0.7803597791004424,0.38450264846706583,0.5198799240999654,0.2345679012345679,1.4862949713988982
0.0,3.0,203,0.2,raw,796,1.3943679618905782,1.1119383951415631,0.32160804020100503,0.2613065326633166,0.05778894472361809,0.002512562814070352,0.7440563324949714,0.3123143379854089,0.4226925988717911,0.10869565217391304,1.6733985555503172
0.0,3.0,203,0.2,hysteresis,706,1.5721202516500008,1.2062185086810975,0.35410764872521244,0.23654390934844194,0.11189801699716714,0.0056657223796034,0.7751944554229306,0.37584358122575195,0.5083644432652357,0.22784810126582278,1.4841952012795527
0.0,4.0,203,0.05,raw,902,1.2325416309070496,1.0392070393193662,0.3835920177383592,0.3370288248337029,0.04656319290465632,0.0,0.8143401423878247,0.43809401573080964,0.5303177582458285,0.16666666666666666,1.893107116889992
0.0,4.0,203,0.05,hysteresis,832,1.3350465351526883,1.0618749634004272,0.4230769230769231,0.33533653846153844,0.08413461538461539,0.003605769230769231,0.8419545981678871,0.4971758009282633,0.5986756839235723,0.22857142857142856,1.7477543081046774
0.0,4.0,203,0.2,raw,901,1.2339004437130583,1.0403104165108346,0.38179800221975585,0.33518312985571586,0.04661487236403995,0.0,0.8080346248278927,0.42675283276870396,0.5184904836489518,0.16666666666666666,1.8910223634508612
0.0,4.0,203,0.2,hysteresis,829,1.3398654568547217,1.065715291230784,0.4209891435464415,0.3341375150784077,0.08323281061519903,0.0036188178528347406,0.8392139192556278,0.4907955045198041,0.5951345287956477,0.2463768115942029,1.7414683850501949
0.5,0.0,203,0.05,raw,477,2.325926643455394,2.3133668840451245,0.10482180293501048,0.0041928721174004195,0.0880503144654088,0.010482180293501049,0.026464962962374536,0.010398095677538695,0.4069158567974921,0.17073170731707318,1.0031844039014643
0.5,0.0,203,0.05,hysteresis,448,2.4764888592147836,2.342026742030904,0.09598214285714286,0.0,0.078125,0.008928571428571428,0.023456511745226675,0.022772494722566147,0.42273386883110087,0.17647058823529413,0.942194157123388
0.5,0.0,203,0.2,raw,477,2.325930067712214,2.3135485663347537,0.10482180293501048,0.0041928721174004195,0.0880503144654088,0.010482180293501049,0.02538573244526993,0.00958994247887221,0.4067011756605542,0.17073170731707318,1.0031829270036488
0.5,0.0,203,0.2,hysteresis,448,2.4764925051310844,2.3418343297398247,0.09375,0.0,0.078125,0.008928571428571428,0.02319172765758957,0.02304924290402749,0.42205011623146726,0.17647058823529413,0.9421927700160055
0.5,1.0,203,0.05,raw,519,2.1381552306853697,2.2486875535717172,0.17533718689788053,0.05202312138728324,0.10404624277456648,0.019267822736030827,0.3701821264484222,0.0392528179260139,0.2856140213627992,0.2037037037037037,1.0912834109735805
0.5,1.0,203,0.05,hysteresis,473,2.3460942171790844,2.2999782368504835,0.1733615221987315,0.016913319238900635,0.12050739957716702,0.02536997885835095,0.3371600057976315,0.03231677649116634,0.3245712696436771,0.2807017543859649,0.9945607965134943
0.5,1.0,203,0.2,raw,517,2.1464250954809283,2.249997978838008,0.172147001934236,0.05222437137330754,0.10251450676982592,0.017408123791102514,0.36809964260591593,0.036314878778570495,0.2822053359369309,0.20754716981132076,1.0870788541589085
0.5,1.0,203,0.2,hysteresis,470,2.361067605029022,2.303319969801213,0.16595744680851063,0.01276595744680851,0.11702127659574468,0.02553191489361702,0.3348583911801848,0.026960988478243044,0.33141036713315236,0.2727272727272727,0.9882535037808258
0.5,1.5,203,0.05,raw,550,2.017749079805571,2.196963780536016,0.19636363636363635,0.08181818181818182,0.10545454545454545,0.00909090909090909,0.4935871214020612,0.0972975559252904,0.2635739074243765,0.10526315789473684,1.156404112228946
0.5,1.5,203,0.05,hysteresis,493,2.251038527166458,2.2437087321036793,0.20486815415821502,0.028397565922920892,0.15618661257606492,0.018255578093306288,0.4684989293650426,0.08274208106077732,0.28359235082896134,0.2631578947368421,1.0365585951434007
0.5,1.5,203,0.2,raw,550,2.017746421226627,2.1981147179758933,0.19454545454545455,0.08,0.10545454545454545,0.00909090909090909,0.48865475963390587,0.09340499581987392,0.2625775521352879,0.10526315789473684,1.1564056359048602
0.5,1.5,203,0.2,hysteresis,491,2.2602047488281967,2.2462241236394282,0.20162932790224034,0.026476578411405296,0.15274949083503056,0.020366598778004074,0.461707467644636,0.07661019152025197,0.2833756223790749,0.25675675675675674,1.0323548495077934
0.5,2.0,203,0.05,raw,607,1.8283318894595941,2.1274235374725325,0.22240527182866557,0.11037891268533773,0.10543657331136738,0.006589785831960461,0.5602806092452433,0.1263253567612723,0.3044469083881903,0.14285714285714285,1.2762088474117268
0.5,2.0,203,0.05,hysteresis,526,2.1098810967718133,2.187889231877894,0.24334600760456274,0.06463878326996197,0.15779467680608364,0.019011406844106463,0.564073822107297,0.1529325581260849,0.31370570947505044,0.2289156626506024,1.105907502040475
0.5,2.0,203,0.2,raw,605,1.8343729489981195,2.130584206247983,0.21983471074380165,0.10909090909090909,0.10413223140495868,0.006611570247933884,0.5538632772391227,0.12472486821476549,0.3022024086684287,0.12903225806451613,1.2720059650943563
0.5,2.0,203,0.2,hysteresis,522,2.126045276137667,2.19298792975291,0.23754789272030652,0.05938697318007663,0.15900383141762453,0.017241379310344827,0.5555054545788347,0.14640494927375514,0.3096178280654217,0.24096385542168675,1.0974993616186015
0.5,3.0,203,0.05,raw,684,1.6225688603430244,1.3551651842201193,0.2850877192982456,0.18421052631578946,0.09502923976608187,0.005847953216374269,0.672977348699288,0.23316489872028684,0.37096145433511385,0.09230769230769231,1.438048880612714
0.5,3.0,203,0.05,hysteresis,600,1.8497285007910478,2.101278397433253,0.30666666666666664,0.15166666666666667,0.14666666666666667,0.008333333333333333,0.6877204465070538,0.2840882398249432,0.41068443114252084,0.17045454545454544,1.2614463865023808
0.5,3.0,203,0.2,raw,682,1.6273240895582706,1.3749609417005662,0.2785923753665689,0.17888563049853373,0.093841642228739,0.005865102639296188,0.6666529114540332,0.22639607881064994,0.3651018366652547,0.09375,1.4338467354506537
0.5,3.0,203,0.2,hysteresis,599,1.8528130702483148,2.1027735943043204,0.3021702838063439,0.14691151919866444,0.14691151919866444,0.008347245409015025,0.6831543218472783,0.27886759005495626,0.407668619432614,0.17045454545454544,1.2593463262975682
0.5,4.0,203,0.05,raw,743,1.493754952543965,1.1521039289551596,0.3243606998654105,0.23418573351278602,0.08613728129205922,0.004037685060565276,0.7353838553501811,0.31928130495678886,0.4430833114655931,0.109375,1.5620589771833122
0.5,4.0,203,0.05,hysteresis,663,1.673996877436148,1.993770199262776,0.3514328808446455,0.21116138763197587,0.13273001508295626,0.007541478129713424,0.7545072747216688,0.3748559326825669,0.49753383434767073,0.13636363636363635,1.3938695852927807
0.5,4.0,203,0.2,raw,741,1.4977848124286675,1.1557000308275873,0.3184885290148448,0.22807017543859648,0.08636977058029689,0.004048582995951417,0.731070823865411,0.31179796168587415,0.43445684227091347,0.109375,1.5578561846610122
0.5,4.0,203,0.2,hysteresis,657,1.6892824140177205,2.0131358829551003,0.3455098934550989,0.2024353120243531,0.1354642313546423,0.0076103500761035,0.7496798247923697,0.3671549642764046,0.4925963930971754,0.1348314606741573,1.381257102999035
0.0,0.0,204,0.05,raw,483,2.3012989443339142,2.318730276091952,0.09937888198757763,0.002070393374741201,0.08074534161490683,0.016563146997929608,0.010493841876925267,0.04342976980851909,0.42146717073559686,0.02564102564102564,1.0139201337046158
0.0,0.0,204,0.05,hysteresis,465,2.3903814841145823,2.339675765815747,0.10967741935483871,0.002150537634408602,0.08387096774193549,0.01935483870967742,0.00909762679840553,0.03829044954542188,0.4173647110897775,0.02564102564102564,0.9761342902125183
0.0,0.0,204,0.2,raw,481,2.310866516710769,2.322124819384036,0.10187110187110188,0.002079002079002079,0.08316008316008316,0.016632016632016633,0.010222828510256979,0.04433302756974288,0.42431378532747566,0.025,1.009722247676401
0.0,0.0,204,0.2,hysteresis,464,2.3955318847799143,2.3409497120793814,0.10991379310344827,0.0021551724137931034,0.08405172413793104,0.01939655172413793,0.01005801761905196,0.038401578012680446,0.41586653645189864,0.02564102564102564,0.9740355985901248
0.0,1.0,204,0.05,raw,547,2.0325246758277697,2.2008262463811215,0.226691042047532,0.07312614259597806,0.13345521023765997,0.02010968921389397,0.46311858511898735,0.08805779119484027,0.25380737341600107,0.1917808219178082,1.1479975427029223
0.0,1.0,204,0.05,hysteresis,504,2.2049886569157007,2.248761461631336,0.2361111111111111,0.037698412698412696,0.1626984126984127,0.03571428571428571,0.4507194078757069,0.08693714591034388,0.26272489660183457,0.24691358024691357,1.0582065018861182
0.0,1.0,204,0.2,raw,545,2.03997357298323,2.2046231547664297,0.22385321100917432,0.07155963302752294,0.13211009174311927,0.02018348623853211,0.45753615360973554,0.08779941985682713,0.253495202337816,0.18055555555555555,1.143805667012195
0.0,1.0,204,0.2,hysteresis,501,2.2182200403785526,2.2558614546738966,0.23552894211576847,0.03792415169660679,0.1596806387225549,0.03792415169660679,0.4459206259287805,0.08884422816755237,0.2618104258489713,0.24050632911392406,1.051894442778155
0.0,1.5,204,0.05,raw,606,1.8364902378743326,2.1137585874243188,0.2590759075907591,0.13036303630363036,0.1188118811881188,0.009900990099009901,0.6009532286824568,0.15412585013265395,0.30634169015108126,0.1527777777777778,1.270539469915221
0.0,1.5,204,0.05,hysteresis,547,2.031400523382401,2.165260425760284,0.27787934186471663,0.08957952468007313,0.16270566727605118,0.025594149908592323,0.6126820596792929,0.185956839742427,0.31484637289571316,0.25,1.1486328306385372
0.0,1.5,204,0.2,raw,605,1.8377960317467203,2.116529507720316,0.2528925619834711,0.1256198347107438,0.11735537190082644,0.009917355371900827,0.5939493222350063,0.14785293478829323,0.3000562184874025,0.14084507042253522,1.2696367241122146
0.0,1.5,204,0.2,hysteresis,547,2.031406807976545,2.166173620828979,0.2742230347349177,0.08775137111517367,0.16087751371115175,0.025594149908592323,0.6073712979225753,0.18029752206272967,0.3093178181006291,0.22988505747126436,1.148629277095676
0.0,2.0,204,0.05,raw,681,1.6343086991122624,1.9534059375640613,0.32305433186490456,0.18502202643171806,0.13509544787077826,0.002936857562408223,0.6872624161840893,0.23539675948473074,0.40129296209224913,0.18478260869565216,1.4277188480981429
0.0,2.0,204,0.05,hysteresis,617,1.8021115981235387,2.0645304251706738,0.3419773095623987,0.1620745542949757,0.1685575364667747,0.011345218800648298,0.7146264747189797,0.28930662921652855,0.43322856294006795,0.20192307692307693,1.29477737991528
0.0,2.0,204,0.2,raw,678,1.641536747947216,1.9671259830267944,0.31563421828908556,0.18289085545722714,0.12979351032448377,0.0029498525073746312,0.6836200141970441,0.22789698632721306,0.3905459364758881,0.18181818181818182,1.4214322866979536
0.0,2.0,204,0.2,hysteresis,615,1.8079678508188612,2.065993481538737,0.3382113821138211,0.16097560975609757,0.16422764227642275,0.013008130081300813,0.7096179464955252,0.2846199377488313,0.4291101712190353,0.19801980198019803,1.2905834206490592
0.0,3.0,204,0.05,raw,825,1.3490703886814999,1.0781703721989886,0.37696969696969695,0.296969696969697,0.07878787878787878,0.0012121212121212121,0.7769391470718809,0.3746556839406457,0.49595341861706665,0.12307692307692308,1.7295860563760452
0.0,3.0,204,0.05,hysteresis,747,1.4899371762546685,1.1413546936050099,0.4190093708165997,0.285140562248996,0.13253012048192772,0.0013386880856760374,0.8141445240873953,0.44571736604408696,0.5794790850279403,0.1717171717171717,1.566061556500492
0.0,3.0,204,0.2,raw,818,1.360614886273937,1.083140946183071,0.37897310513447435,0.29706601466992666,0.08068459657701711,0.0012224938875305623,0.7761508704232305,0.3734462765209195,0.4985156402514823,0.13636363636363635,1.7149109251062216
0.0,3.0,204,0.2,hysteresis,740,1.5040310499622707,1.1474537651047507,0.42162162162162165,0.2864864864864865,0.13378378378378378,0.0013513513513513514,0.8147071645991211,0.4444994072009177,0.5829691047778804,0.18181818181818182,1.551386411465286
0.0,4.0,204,0.05,raw,955,1.165433719460759,1.0268777543890908,0.41465968586387436,0.3643979057591623,0.050261780104712044,0.0,0.8214989312071683,0.45538858913928265,0.5418744851650371,0.125,2.0021158598474025
0.0,4.0,204,0.05,hysteresis,870,1.279297933431063,1.0448332250562213,0.4735632183908046,0.3724137931034483,0.09885057471264368,0.0022988505747126436,0.8556872381589724,0.5363446820329236,0.639886102322967,0.18604651162790697,1.8239170660389947
0.0,4.0,204,0.2,raw,953,1.1678798267172712,1.0272243883200811,0.40713536201469047,0.35571878279118574,0.05141657922350472,0.0,0.816128724186442,0.4457643309775703,0.5321855923826534,0.12244897959183673,1.9979224573918457
0.0,4.0,204,0.2,hysteresis,866,1.2852072457985675,1.0484057831162068,0.46997690531177827,0.36605080831408776,0.10161662817551963,0.0023094688221709007,0.8530419216695573,0.5313307362647565,0.6383745258405815,0.18181818181818182,1.8155307954893372
0.5,0.0,204,0.05,raw,481,2.310590067793683,2.312800162473165,0.1288981288981289,0.004158004158004158,0.10810810810810811,0.016632016632016633,0.010090028956476588,0.022786008262837082,0.3631311724132002,0.0392156862745098,1.0098430551817297
0.5,0.0,204,0.05,hysteresis,458,2.422306872589992,2.3373175911104274,0.12445414847161572,0.0,0.10043668122270742,0.015283842794759825,0.00950907667923747,0.027311388563582926,0.3660622314496655,0.043478260869565216,0.9632690885438779
0.5,0.0,204,0.2,raw,481,2.310590361652281,2.312435971182804,0.13097713097713098,0.004158004158004158,0.1101871101871102,0.016632016632016633,0.01019800456525201,0.023236589809283247,0.3629915932371488,0.038461538461538464,1.0098429267508886
0.5,0.0,204,0.2,hysteresis,458,2.4223065669896253,2.337532377372175,0.12663755458515283,0.0,0.10262008733624454,0.015283842794759825,0.009621484404095054,0.028665677210913017,0.3657967468048635,0.0425531914893617,0.9632692100707694
0.5,1.0,204,0.05,raw,531,2.096177909904154,2.2200602690122864,0.2015065913370998,0.04519774011299435,0.13559322033898305,0.02071563088512241,0.4116810034640014,0.07407839755190414,0.2544890819023838,0.16901408450704225,1.1131370683321546
0.5,1.0,204,0.05,hysteresis,488,2.2769856868475915,2.2653972852406232,0.21106557377049182,0.014344262295081968,0.1598360655737705,0.03483606557377049,0.400364852912075,0.07217159204344357,0.26192527892000006,0.19480519480519481,1.0247465967007254
0.5,1.0,204,0.2,raw,529,2.104105751817815,2.2210407843077027,0.20415879017013233,0.043478260869565216,0.13988657844990549,0.020793950850661626,0.40936352619068894,0.07044250263095,0.253344427320754,0.1643835616438356,1.1089429945797546
0.5,1.0,204,0.2,hysteresis,487,2.2816653296587286,2.2656611674110376,0.21560574948665298,0.014373716632443531,0.16427104722792607,0.03490759753593429,0.3958619596076161,0.06977688555108835,0.26347084762873174,0.189873417721519,1.02264486513556
0.5,1.5,204,0.05,raw,585,1.902711021080364,2.136718407653412,0.24615384615384617,0.09401709401709402,0.14358974358974358,0.008547008547008548,0.5357222146416315,0.12781868645243144,0.2517831509768652,0.1927710843373494,1.2263203962567375
0.5,1.5,204,0.05,hysteresis,521,2.1326924198057244,2.1944356395012683,0.2648752399232246,0.05182341650671785,0.18426103646833014,0.028790786948176585,0.5372661670074294,0.16201486694162845,0.26995105439877903,0.2631578947368421,1.094078692109707
0.5,1.5,204,0.2,raw,584,1.9059741706108546,2.1384206690693666,0.24486301369863014,0.08904109589041095,0.14726027397260275,0.008561643835616438,0.5308889529430046,0.12399909628437521,0.2510520960986694,0.2,1.2242208574030742
0.5,1.5,204,0.2,hysteresis,521,2.132694057923786,2.195704838540692,0.2648752399232246,0.04990403071017274,0.18618042226487524,0.028790786948176585,0.5321035726607282,0.1578130480686543,0.26645111631051827,0.2604166666666667,1.094077851750041
0.5,2.0,204,0.05,raw,639,1.7419288039122598,2.0462106474885937,0.28325508607198746,0.1298904538341158,0.14710485133020346,0.006259780907668232,0.6276223383612626,0.18435289553556133,0.32505488753640815,0.22580645161290322,1.3395113095855684
0.5,2.0,204,0.05,hysteresis,569,1.9562258448153493,2.1279713532674975,0.31282952548330406,0.10193321616871705,0.19507908611599298,0.015817223198594025,0.6412647563868692,0.22882023341013605,0.34637151231417823,0.3090909090909091,1.1927729814619537
0.5,2.0,204,0.2,raw,636,1.750150088471785,2.0489201146508815,0.28459119496855345,0.13050314465408805,0.14779874213836477,0.006289308176100629,0.6223950774027591,0.1811273145773749,0.32415618435585525,0.22580645161290322,1.3332189900186096
0.5,2.0,204,0.2,hysteresis,565,1.9700804535717795,2.1318890127223735,0.31504424778761064,0.10265486725663717,0.1929203539823009,0.019469026548672566,0.6366078107522357,0.22714973630362947,0.34635671501690163,0.3148148148148148,1.1843847945920039
0.5,3.0,204,0.05,raw,736,1.5123630376923671,1.1808060602173323,0.3423913043478261,0.21195652173913043,0.12635869565217392,0.004076086956521739,0.7310447998040894,0.30358232842084376,0.44631928745707633,0.17391304347826086,1.5428394341702774
0.5,3.0,204,0.05,hysteresis,670,1.6613420831963914,1.9809436114910577,0.36716417910447763,0.18358208955223881,0.1761194029850746,0.007462686567164179,0.7524579440437922,0.35134502277047425,0.49178960501137337,0.2222222222222222,1.4044869849104427
0.5,3.0,204,0.2,raw,734,1.5164876372269325,1.1871658362982385,0.3337874659400545,0.20572207084468666,0.12397820163487738,0.004087193460490463,0.7246360138611171,0.29395964037260536,0.4363628184667611,0.17777777777777778,1.5386431620373082
0.5,3.0,204,0.2,hysteresis,669,1.6638294853879947,1.981814647996974,0.35874439461883406,0.17937219730941703,0.17189835575485798,0.007473841554559043,0.7463046102843479,0.3414212622276651,0.4796258345156622,0.21052631578947367,1.4023872961893173
0.5,4.0,204,0.05,raw,828,1.3443279598750655,1.087027653083017,0.391304347826087,0.2886473429951691,0.10265700483091787,0.0,0.77510100341941,0.36585918909213255,0.49628809403672786,0.2261904761904762,1.7356875725103427
0.5,4.0,204,0.05,hysteresis,750,1.4841380677020721,1.1379216536136103,0.44266666666666665,0.2826666666666667,0.15733333333333333,0.0026666666666666666,0.8023475244200954,0.427863361387533,0.5557762592699188,0.28205128205128205,1.5721807722013974
0.5,4.0,204,0.2,raw,825,1.3492196016644145,1.087441511453095,0.3890909090909091,0.28484848484848485,0.10424242424242425,0.0,0.7705210619856437,0.3582231075740261,0.4895632870591151,0.23529411764705882,1.7293947778811576
0.5,4.0,204,0.2,hysteresis,745,1.4941022434538818,1.1408009880735914,0.4469798657718121,0.28187919463087246,0.16241610738255033,0.0026845637583892616,0.7990698937334738,0.4230708118145345,0.5530756067445215,0.2833333333333333,1.5616958903290452
0.0,0.0,205,0.05,raw,467,2.3808124287735564,2.353265974636911,0.1349036402569593,0.008565310492505354,0.09421841541755889,0.029978586723768737,0.04828539831085003,0.03891989492342067,0.40894358620820825,0.09090909090909091,0.9800576077029801
0.0,0.0,205,0.05,hysteresis,454,2.448985471888218,2.3637722133230374,0.12334801762114538,0.0022026431718061676,0.0881057268722467,0.028634361233480177,0.04342775646628305,0.04784290082089646,0.4178533709576229,0.075,0.9527754901437966
0.0,0.0,205,0.2,raw,467,2.3808093315443735,2.3566526303345525,0.13276231263383298,0.008565310492505354,0.09207708779443255,0.029978586723768737,0.0483017924370903,0.03973487695555333,0.409455714767544,0.09302325581395349,0.9800588826740512
0.0,0.0,205,0.2,hysteresis,454,2.4489822859718555,2.362965775827676,0.1211453744493392,0.0022026431718061676,0.08590308370044053,0.028634361233480177,0.04340483513417197,0.04777311763046713,0.417783905464777,0.07692307692307693,0.9527767296231676
0.0,1.0,205,0.05,raw,533,2.0859794947323107,2.236958944097775,0.15384615384615385,0.04690431519699812,0.08442776735459662,0.01876172607879925,0.4208203755714286,0.07317608054152938,0.25649927176956927,0.08888888888888889,1.1185792282357816
0.0,1.0,205,0.05,hysteresis,490,2.269034838147595,2.286281114266168,0.1510204081632653,0.022448979591836733,0.09387755102040816,0.030612244897959183,0.41172524495732177,0.09452176608167834,0.2709810693244299,0.10869565217391304,1.0283373768021256
0.0,1.0,205,0.2,raw,532,2.0898949003238627,2.2390275670355906,0.15225563909774437,0.046992481203007516,0.08458646616541353,0.016917293233082706,0.416664330001043,0.06869845430201534,0.2572932463376645,0.08888888888888889,1.1164835767443357
0.0,1.0,205,0.2,hysteresis,487,2.2830063387521458,2.29087957973089,0.1540041067761807,0.022587268993839837,0.09650924024640657,0.030800821355236138,0.4071516232887124,0.08987827670078033,0.27238760844832477,0.10638297872340426,1.0220441764558112
0.0,1.5,205,0.05,raw,597,1.862400468393485,2.129275537126241,0.21943048576214405,0.09212730318257957,0.10887772194304858,0.018425460636515914,0.555095745687129,0.13121966279962793,0.2587880207897163,0.15384615384615385,1.2528633733356378
0.0,1.5,205,0.05,hysteresis,529,2.1018016628183562,2.188390204564456,0.23251417769376181,0.06805293005671077,0.1285444234404537,0.034026465028355386,0.5759422289029221,0.1952730392026002,0.28477069076099615,0.14705882352941177,1.1101586674950628
0.0,1.5,205,0.2,raw,596,1.8655223156110718,2.1312215479121166,0.21644295302013422,0.09228187919463088,0.10570469798657718,0.018456375838926176,0.5466890714607755,0.12743819323346384,0.2549601225147202,0.15873015873015872,1.250766776579151
0.0,1.5,205,0.2,hysteresis,529,2.1017982988737214,2.190473870345332,0.23062381852551986,0.06994328922495274,0.12476370510396975,0.034026465028355386,0.5701807423960452,0.19077998068122293,0.28032873149005133,0.15151515151515152,1.1101604443127027
0.0,2.0,205,0.05,raw,685,1.6231786798430008,1.4498282880667634,0.2671532846715328,0.1562043795620438,0.10364963503649635,0.0072992700729927005,0.6456789708998988,0.19039003587874745,0.31730374145955487,0.15492957746478872,1.4375086133826136
0.0,2.0,205,0.05,hysteresis,599,1.8562226973162865,2.1001762982019017,0.3038397328881469,0.1318864774624374,0.14357262103505844,0.02671118530884808,0.677594446709015,0.27037773766297707,0.39262185734288485,0.20930232558139536,1.257033079439687
0.0,2.0,205,0.2,raw,681,1.6327112983568,1.8205096479703298,0.26138032305433184,0.14977973568281938,0.10425844346549193,0.007342143906020558,0.6415926651001402,0.1843611739443635,0.3111404717103941,0.15492957746478872,1.4291156897619663
0.0,2.0,205,0.2,hysteresis,593,1.8750023510640483,2.102679531271424,0.3069139966273187,0.1281618887015177,0.14839797639123103,0.026981450252951095,0.6740608041620834,0.2698367098460595,0.3906087312344509,0.2159090909090909,1.2444428840364847
0.0,3.0,205,0.05,raw,831,1.3388424344665604,1.0844636657276008,0.33935018050541516,0.27075812274368233,0.06738868832731648,0.0012033694344163659,0.7575213854315436,0.34006945642652203,0.44968592220936965,0.125,1.7427990578017583
0.0,3.0,205,0.05,hysteresis,759,1.4649673900434579,1.1397085953704735,0.37681159420289856,0.2621870882740448,0.11198945981554677,0.002635046113306983,0.7889982825561811,0.399204900144249,0.5110436733199251,0.16470588235294117,1.592754452550726
0.0,3.0,205,0.2,raw,827,1.3453077618282507,1.0881672637244395,0.3385731559854897,0.2672309552599758,0.07013301088270858,0.0012091898428053204,0.7511884196861583,0.3323539182057939,0.43656282270226854,0.1206896551724138,1.734423452788507
0.0,3.0,205,0.2,hysteresis,755,1.472726022983644,1.1479924426481303,0.3748344370860927,0.25695364238410595,0.1152317880794702,0.0026490066225165563,0.7829752430997194,0.3903687011785263,0.4980847179637109,0.1839080459770115,1.5843634843948482
0.0,4.0,205,0.05,raw,954,1.166394554265994,1.0301764318723428,0.3721174004192872,0.33647798742138363,0.03563941299790356,0.0,0.8122985700702637,0.4435546435874036,0.5323781395051109,0.11764705882352941,2.000466587227585
0.0,4.0,205,0.05,hysteresis,882,1.2606916349313606,1.0481628876233198,0.41156462585034015,0.3435374149659864,0.06802721088435375,0.0,0.8442983391542145,0.5104762317341742,0.6030206595830996,0.15,1.850835897281395
0.0,4.0,205,0.2,raw,951,1.1700698935984328,1.0319070125191652,0.36803364879074657,0.3312302839116719,0.03680336487907466,0.0,0.8084822897046938,0.43479180560899183,0.5243501392959764,0.11428571428571428,1.9941828655700216
0.0,4.0,205,0.2,hysteresis,876,1.2693261345286733,1.0498630208005677,0.4098173515981735,0.339041095890411,0.07077625570776255,0.0,0.8429324244762857,0.5049896999403135,0.6006411420496153,0.14516129032258066,1.838245719410597
0.5,0.0,205,0.05,raw,468,2.376015283419849,2.3466608174476,0.11752136752136752,0.004273504273504274,0.09188034188034189,0.014957264957264958,0.03036644166306892,0.054469513920740564,0.38033272811796043,0.11627906976744186,0.9820363318433364
0.5,0.0,205,0.05,hysteresis,451,2.465576835123036,2.3653939858157202,0.09977827050997783,0.0,0.082039911308204,0.013303769401330377,0.017424334216174835,0.056472882240316095,0.4107417223699805,0.08108108108108109,0.9463640719259502
0.5,0.0,205,0.2,raw,468,2.376011104047192,2.3465641663035566,0.11965811965811966,0.004273504273504274,0.09188034188034189,0.017094017094017096,0.030167079187236625,0.054407051132753736,0.37964417850542775,0.11627906976744186,0.9820380592324828
0.5,0.0,205,0.2,hysteresis,451,2.4655724982130507,2.3647950632700936,0.09977827050997783,0.0,0.082039911308204,0.013303769401330377,0.017261888489831057,0.055986292334076246,0.41005268459807986,0.08108108108108109,0.946365736568055
0.5,1.0,205,0.05,raw,522,2.1301461109984334,2.2532577680956,0.14559386973180077,0.040229885057471264,0.09578544061302682,0.009578544061302681,0.36603200389812296,0.08278669096722763,0.25288128576649693,0.08,1.09538651892741
0.5,1.0,205,0.05,hysteresis,470,2.3658218509386857,2.3205981930936237,0.14893617021276595,0.00851063829787234,0.10212765957446808,0.031914893617021274,0.33668735279922024,0.08112719098505342,0.2734528442547792,0.10416666666666667,0.986267555356097
0.5,1.0,205,0.2,raw,522,2.1301449540643507,2.2543647030966882,0.14559386973180077,0.040229885057471264,0.09578544061302682,0.009578544061302681,0.361579856892567,0.08050804869809347,0.2547752126381667,0.08,1.0953871138587523
0.5,1.0,205,0.2,hysteresis,469,2.3708649595343094,2.3209766784876567,0.14925373134328357,0.008528784648187633,0.1023454157782516,0.031982942430703626,0.33187212039116154,0.08000656184518011,0.2763925566463251,0.10416666666666667,0.9841696482753923
0.5,1.5,205,0.05,raw,569,1.9541741477250496,2.1670049211769626,0.19859402460456943,0.08611599297012303,0.10017574692442882,0.012302284710017574,0.48625123406051346,0.10295056610020265,0.2385098394781591,0.10526315789473684,1.1940252797068682
0.5,1.5,205,0.05,hysteresis,499,2.228306793698504,2.256768470416867,0.21042084168336672,0.056112224448897796,0.12024048096192384,0.03206412825651302,0.48481898769103215,0.13459392697141528,0.23513659093114658,0.15,1.0471328902877457
0.5,1.5,205,0.2,raw,567,1.9610656494894154,2.1689517511387084,0.20105820105820105,0.08465608465608465,0.10405643738977072,0.012345679012345678,0.4811963122258235,0.1013957999358445,0.23578580505388652,0.13559322033898305,1.18982928181973
0.5,1.5,205,0.2,hysteresis,497,2.237272078994967,2.263848584213346,0.2112676056338028,0.052313883299798795,0.12072434607645875,0.03621730382293763,0.47965252832057154,0.13208764114818314,0.22756887731940667,0.18333333333333332,1.042936777891368
0.5,2.0,205,0.05,raw,622,1.7876570079918075,2.0850474934507863,0.24115755627009647,0.1270096463022508,0.10610932475884244,0.008038585209003215,0.5783433914333198,0.1528476359232906,0.26400067783775294,0.15151515151515152,1.3052466568821948
0.5,2.0,205,0.05,hysteresis,539,2.0629362875155923,2.1821354360363583,0.2560296846011132,0.08905380333951762,0.14285714285714285,0.02411873840445269,0.5899933501591299,0.20605290411762708,0.2964426469160108,0.19480519480519481,1.1310738714783006
0.5,2.0,205,0.2,raw,617,1.8021463824255077,2.093239995619143,0.24149108589951376,0.12317666126418152,0.11021069692058347,0.008103727714748784,0.5740877233586678,0.14862384793782799,0.26167156677579906,0.16176470588235295,1.2947523886449785
0.5,2.0,205,0.2,hysteresis,535,2.0783632111337167,2.188123968785556,0.2560747663551402,0.08971962616822429,0.14018691588785046,0.026168224299065422,0.584898704197055,0.20254180980829928,0.2934999515357129,0.18666666666666668,1.1226783272691467
0.5,3.0,205,0.05,raw,723,1.5387458107043788,1.2147529752613362,0.3153526970954357,0.20193637621023514,0.11065006915629322,0.0027662517289073307,0.6859922886989717,0.2543115778412757,0.3750187333764332,0.1875,1.5163864733871952
0.5,3.0,205,0.05,hysteresis,639,1.7401162407751658,2.0323252383005403,0.3364632237871675,0.17370892018779344,0.15179968701095461,0.010954616588419406,0.7082445207749591,0.3118882099184046,0.4299991625740419,0.20618556701030927,1.3409065892597547
0.5,3.0,205,0.2,raw,718,1.5494540327087123,1.2352368796329052,0.318941504178273,0.20055710306406685,0.11559888579387187,0.002785515320334262,0.6821948429352882,0.25090451256219753,0.3771300488720917,0.1927710843373494,1.505906780115487
0.5,3.0,205,0.2,hysteresis,635,1.7510769661810326,2.0365129536956728,0.33858267716535434,0.1700787401574803,0.15748031496062992,0.011023622047244094,0.7043211126673331,0.30693310313449457,0.4282158277956705,0.21,1.3325132923324088
0.5,4.0,205,0.05,raw,807,1.3787414028268934,1.1110541358499915,0.3395291201982652,0.25154894671623296,0.08674101610904585,0.0012391573729863693,0.7371009339760043,0.311035516079916,0.4288051225567487,0.21428571428571427,1.692364738267233
0.5,4.0,205,0.05,hysteresis,719,1.5465221922699979,1.181689487653764,0.37830319888734354,0.2517385257301808,0.12239221140472879,0.004172461752433936,0.7699234173705864,0.38799451293420223,0.5065884972119605,0.2727272727272727,1.50876162333529
0.5,4.0,205,0.2,raw,803,1.38560171232811,1.1156145410666396,0.33374844333748444,0.24782067247820672,0.08468244084682441,0.0012453300124533001,0.7316458157429099,0.3035830591452888,0.4171658787453779,0.22058823529411764,1.6839856017591301
0.5,4.0,205,0.2,hysteresis,715,1.555170843435856,1.1898712090086834,0.3734265734265734,0.24895104895104894,0.11888111888111888,0.005594405594405594,0.7666934335029241,0.38336751562264326,0.4966015421003452,0.25882352941176473,1.5003710641708499
0.0,0.0,206,0.05,raw,477,2.3339271836471207,2.3317027745444956,0.08176100628930817,0.0,0.07127882599580712,0.010482180293501049,0.012409115910484584,0.03577436318436778,0.5087439923424242,0.08823529411764706,0.9997455574801355
0.0,0.0,206,0.05,hysteresis,456,2.441410672367712,2.3403854985816315,0.08333333333333333,0.0,0.06578947368421052,0.010964912280701754,0.019235908267162826,0.030946967079793886,0.5215640368770548,0.1,0.9557316021193748
0.0,0.0,206,0.2,raw,476,2.338830112190124,2.333702474730698,0.08403361344537816,0.0021008403361344537,0.07142857142857142,0.01050420168067227,0.01209558801223127,0.03381380930036771,0.5032460853619164,0.08823529411764706,0.9976497742062832
0.0,0.0,206,0.2,hysteresis,456,2.441410380268638,2.3413270009898146,0.08333333333333333,0.0,0.06578947368421052,0.010964912280701754,0.01979348937583567,0.03058722719620163,0.5215996610472434,0.1,0.9557317164665234
0.0,1.0,206,0.05,raw,523,2.128839716503097,2.241304063710824,0.18164435946462715,0.06309751434034416,0.1089866156787763,0.009560229445506692,0.40632445064933354,0.06904272770677827,0.32770418405974694,0.12280701754385964,1.0960587193319302
0.0,1.0,206,0.05,hysteresis,484,2.300378453989917,2.2868177405756573,0.16322314049586778,0.01859504132231405,0.12396694214876033,0.014462809917355372,0.3936835435025375,0.06806543132994113,0.34711080485665713,0.18333333333333332,1.0143258511599507
0.0,1.0,206,0.2,raw,521,2.137007018412422,2.244087469967647,0.1689059500959693,0.05758157389635317,0.1017274472168906,0.009596928982725527,0.3992294301002599,0.06547042843030826,0.3332778421360783,0.1320754716981132,1.0918697567342395
0.0,1.0,206,0.2,hysteresis,484,2.3003732574232894,2.2865580956819143,0.15495867768595042,0.01859504132231405,0.11570247933884298,0.014462809917355372,0.38910669781630464,0.06614769619648696,0.35005126762141114,0.19642857142857142,1.0143281425323838
0.0,1.5,206,0.05,raw,561,1.9847440513074222,2.1620134325382527,0.23885918003565063,0.09803921568627451,0.1354723707664884,0.0053475935828877,0.5463932486758943,0.13959332359679416,0.3082122551088204,0.21052631578947367,1.1756343755237775
0.0,1.5,206,0.05,hysteresis,511,2.1789460132748806,2.210607666667571,0.22504892367906065,0.04892367906066536,0.15851272015655576,0.015655577299412915,0.5417925743781541,0.15633834082770087,0.3083092278428358,0.24691358024691357,1.0708541281508919
0.0,1.5,206,0.2,raw,560,1.9882855038655334,2.166411359075457,0.2357142857142857,0.09464285714285714,0.1357142857142857,0.005357142857142857,0.5393793414170612,0.13230217411893722,0.3057535298761189,0.21052631578947367,1.1735403838115674
0.0,1.5,206,0.2,hysteresis,510,2.1832154552248992,2.212893186042688,0.22156862745098038,0.047058823529411764,0.1568627450980392,0.01568627450980392,0.536126536197196,0.15178722389015728,0.3067669211973372,0.25,1.0687599923998201
0.0,2.0,206,0.05,raw,634,1.7563055670404268,2.076104288670056,0.2618296529968454,0.15930599369085174,0.09936908517350158,0.0031545741324921135,0.6386434537179283,0.20674326726766953,0.3388476286909563,0.07936507936507936,1.328546340182286
0.0,2.0,206,0.05,hysteresis,567,1.963840792775363,2.1355420845174353,0.2716049382716049,0.10758377425044091,0.15520282186948853,0.008818342151675485,0.6410805871072395,0.2283740966292844,0.35799632247999297,0.22727272727272727,1.1881479099106562
0.0,2.0,206,0.2,raw,632,1.7618570731428767,2.077638700859584,0.26424050632911394,0.15981012658227847,0.10126582278481013,0.0031645569620253164,0.6315020569044187,0.1990669420765303,0.3328398783936338,0.078125,1.3243601702441348
0.0,2.0,206,0.2,hysteresis,564,1.9742795571388263,2.1395974844084398,0.2730496453900709,0.10638297872340426,0.15780141843971632,0.008865248226950355,0.6342219068325052,0.220794906716378,0.3549330198037941,0.2247191011235955,1.1818657215469812
0.0,3.0,206,0.05,raw,775,1.4368905676831192,1.1356497111485002,0.32903225806451614,0.24258064516129033,0.08516129032258064,0.0012903225806451613,0.7332872801248937,0.2918104251698,0.4223837365111336,0.12121212121212122,1.6238768531243561
0.0,3.0,206,0.05,hysteresis,699,1.5931190128103256,1.247324775963298,0.37339055793991416,0.23605150214592274,0.13447782546494993,0.002861230329041488,0.7708332816862025,0.3618128456763878,0.510936175779558,0.1702127659574468,1.4646321552695805
0.0,3.0,206,0.2,raw,773,1.4406053267144814,1.1392180745030922,0.32341526520051744,0.23803363518758086,0.08408796895213454,0.00129366106080207,0.7262477331930159,0.2840191684370352,0.41116503166022367,0.12307692307692308,1.6196895083366472
0.0,3.0,206,0.2,hysteresis,696,1.5999826401584687,1.2771206129406676,0.3649425287356322,0.22557471264367815,0.13649425287356323,0.0028735632183908046,0.7635737213896747,0.3518506518309052,0.4996438392098112,0.18947368421052632,1.4583491562772397
0.0,4.0,206,0.05,raw,899,1.238773276700035,1.0456346161560102,0.37374860956618466,0.3181312569521691,0.05561735261401557,0.0,0.7961710140281635,0.3901603459270867,0.5003417536072473,0.1,1.883583846391241
0.0,4.0,206,0.05,hysteresis,811,1.37319010573777,1.0852373604171834,0.4401972872996301,0.32675709001233044,0.11220715166461159,0.0012330456226880395,0.8309866464372864,0.4710864561766889,0.6002650700043286,0.15384615384615385,1.6992063397367034
0.0,4.0,206,0.2,raw,896,1.2429151958718658,1.0475678431902562,0.3705357142857143,0.31473214285714285,0.05580357142857143,0.0,0.7921900505537444,0.380371192743685,0.48992746092117995,0.1,1.8773069482802276
0.0,4.0,206,0.2,hysteresis,807,1.3799901059494322,1.0878279606904997,0.43866171003717475,0.32342007434944237,0.11400247831474597,0.0012391573729863693,0.8290536702055439,0.4657277681620389,0.5965648102956339,0.16304347826086957,1.6908333786407852
0.5,0.0,206,0.05,raw,474,2.3488625083245407,2.3204631551736785,0.09282700421940929,0.004219409282700422,0.0759493670886076,0.010548523206751054,0.03104352185013744,0.06406325321372869,0.44961836347379786,0.027777777777777776,0.9933886402732512
0.5,0.0,206,0.05,hysteresis,447,2.4907401094985064,2.3379075635385136,0.07606263982102908,0.0,0.06263982102908278,0.006711409395973154,0.03974296417865451,0.05864834750236058,0.47886852607651414,0.0,0.9368032113969268
0.5,0.0,206,0.2,raw,474,2.3488610192869963,2.320475062019457,0.09282700421940929,0.004219409282700422,0.0759493670886076,0.010548523206751054,0.031243731040361506,0.06336817596793747,0.45007789034425266,0.027777777777777776,0.9933892700222955
0.5,0.0,206,0.2,hysteresis,447,2.490738530519096,2.3392317768187754,0.07606263982102908,0.0,0.06263982102908278,0.006711409395973154,0.039930569113905676,0.05784071908989662,0.47928711474139685,0.0,0.93680380527419
0.5,1.0,206,0.05,raw,513,2.170457723171118,2.2610533624918197,0.16374269005847952,0.042884990253411304,0.11500974658869395,0.005847953216374269,0.3493987130802405,0.08716594332150858,0.31120179274967136,0.2033898305084746,1.0750420560711262
0.5,1.0,206,0.05,hysteresis,467,2.3842501327340115,2.311805447941549,0.16274089935760172,0.008565310492505354,0.13062098501070663,0.010706638115631691,0.31741213220352205,0.074773142880966,0.33637950888965995,0.2459016393442623,0.9786445227781987
0.5,1.0,206,0.2,raw,512,2.1746931791821273,2.26310913756537,0.162109375,0.041015625,0.115234375,0.005859375,0.34434624207793896,0.08236251397407522,0.31257169002314555,0.2033898305084746,1.0729482925084948
0.5,1.0,206,0.2,hysteresis,467,2.384246055120448,2.312739968740939,0.16274089935760172,0.008565310492505354,0.13276231263383298,0.008565310492505354,0.3141045080247897,0.07299631047560358,0.3376527958271758,0.24193548387096775,0.9786461964872403
0.5,1.5,206,0.05,raw,537,2.073522589924075,2.2086781976376253,0.21042830540037244,0.08193668528864059,0.12476722532588454,0.0037243947858473,0.46613439716018806,0.14121284024219,0.28916348373735423,0.1791044776119403,1.12529921047003
0.5,1.5,206,0.05,hysteresis,486,2.291114466644503,2.2663517026691435,0.19958847736625515,0.02263374485596708,0.15843621399176955,0.018518518518518517,0.43783467053357017,0.12119127772948007,0.29763310861899417,0.2077922077922078,1.018427218414217
0.5,1.5,206,0.2,raw,537,2.073521244473604,2.2106356182680877,0.2085661080074488,0.08193668528864059,0.12290502793296089,0.0037243947858473,0.46036965837040744,0.1379724980868129,0.2886000079180084,0.18181818181818182,1.1252999406455015
0.5,1.5,206,0.2,hysteresis,485,2.2958369242934547,2.2683720094703173,0.2,0.02268041237113402,0.15670103092783505,0.018556701030927835,0.43202386075231564,0.11869227177686593,0.29855567184331233,0.21052631578947367,1.0163323486276876
0.5,2.0,206,0.05,raw,581,1.9165447552138188,2.1403806305505273,0.2667814113597246,0.11876075731497418,0.13941480206540446,0.008605851979345954,0.5418117006899524,0.17998426124336311,0.31168441900224475,0.19753086419753085,1.217468742634719
0.5,2.0,206,0.05,hysteresis,509,2.187647353200843,2.2202105005231334,0.25736738703339884,0.047151277013752456,0.18664047151277013,0.023575638506876228,0.5275025967014872,0.1823077071086361,0.3060478984901943,0.2631578947368421,1.0665948192789534
0.5,2.0,206,0.2,raw,580,1.919845983318905,2.1436507627446675,0.2637931034482759,0.11724137931034483,0.13793103448275862,0.008620689655172414,0.5349971460994893,0.17570168719823429,0.30768324828141475,0.2,1.2153752715619501
0.5,2.0,206,0.2,hysteresis,508,2.19195013843497,2.2203572297904106,0.25393700787401574,0.04330708661417323,0.18700787401574803,0.023622047244094488,0.5211316262229453,0.17672336423646148,0.30170432974143285,0.2631578947368421,1.064501099919777
0.5,3.0,206,0.05,raw,663,1.6795805172234253,2.014599090705597,0.2911010558069382,0.17194570135746606,0.11613876319758673,0.0030165912518853697,0.6462128415654018,0.25046595309792685,0.3398496277570789,0.14285714285714285,1.3892357701258944
0.5,3.0,206,0.05,hysteresis,586,1.9002762507152406,2.109547634617505,0.3122866894197952,0.12627986348122866,0.17918088737201365,0.006825938566552901,0.6512062620485222,0.2789353171880271,0.38057735255218167,0.21904761904761905,1.227891645993626
0.5,3.0,206,0.2,raw,662,1.6821137573946918,2.0205577180478036,0.28700906344410876,0.1691842900302115,0.1148036253776435,0.0030211480362537764,0.640815987445296,0.24551578472897626,0.3365552020136382,0.13157894736842105,1.3871436001731954
0.5,3.0,206,0.2,hysteresis,585,1.9035201835816853,2.110815691800008,0.3111111111111111,0.12307692307692308,0.1811965811965812,0.006837606837606838,0.6458550467801192,0.27282301691159366,0.3746515483094272,0.2169811320754717,1.2257991028720836
0.5,4.0,206,0.05,raw,745,1.4947630572483783,1.1823884552745803,0.3288590604026846,0.23355704697986576,0.09395973154362416,0.0013422818791946308,0.7026979803838379,0.285019558891534,0.3890000763188943,0.21428571428571427,1.5610054864672867
0.5,4.0,206,0.05,hysteresis,654,1.7027499658257519,2.0286627924484835,0.3730886850152905,0.20795107033639143,0.1620795107033639,0.0030581039755351682,0.7244649602117609,0.347840319101531,0.45812296523147866,0.20754716981132076,1.3703323330867188
0.5,4.0,206,0.2,raw,741,1.499204123773506,1.1874067448512864,0.3292847503373819,0.23076923076923078,0.09716599190283401,0.001349527665317139,0.6966844250526071,0.27982486649707516,0.3847146153008443,0.2361111111111111,1.55638134683109
0.5,4.0,206,0.2,hysteresis,650,1.709092701101797,2.030154797417371,0.36923076923076925,0.20153846153846153,0.1646153846153846,0.003076923076923077,0.7196685928323633,0.3426056589137703,0.4515792274651979,0.22429906542056074,1.3652467954658682
0.0,0.0,207,0.05,raw,476,2.3314772780733004,2.321443693735856,0.10294117647058823,0.0,0.0861344537815126,0.012605042016806723,0.0410982430971183,0.012242341950719247,0.4643217470139527,0.14634146341463414,1.0007960855023075
0.0,0.0,207,0.05,hysteresis,468,2.3713315905189973,2.3272518911581415,0.09615384615384616,0.0,0.08333333333333333,0.008547008547008548,0.041300019879656306,0.006893526364185807,0.4854559356668487,0.15384615384615385,0.9839759832249578
0.0,0.0,207,0.2,raw,476,2.331472127734383,2.3214711306208824,0.10294117647058823,0.0,0.0861344537815126,0.012605042016806723,0.041047648339766374,0.011143686362235894,0.464300380146628,0.14634146341463414,1.0007982963110775
0.0,0.0,207,0.2,hysteresis,468,2.3713263521400982,2.3293873651698442,0.09615384615384616,0.0,0.08333333333333333,0.008547008547008548,0.04128820358962835,0.006082553037493749,0.48560876394935387,0.15384615384615385,0.9839781568772779
0.0,1.0,207,0.05,raw,518,2.146878956618646,2.239766257258731,0.16795366795366795,0.03474903474903475,0.1138996138996139,0.019305019305019305,0.41057060472713697,0.06749358681068168,0.2998526021564752,0.11864406779661017,1.086849040156579
0.0,1.0,207,0.05,hysteresis,485,2.2884139928937843,2.2781003755315816,0.15463917525773196,0.01443298969072165,0.11752577319587629,0.02268041237113402,0.4052072274970875,0.07623323667536186,0.30738557057781396,0.15789473684210525,1.0196290271686141
0.0,1.0,207,0.2,raw,518,2.1468805085832017,2.242492253174831,0.1718146718146718,0.03474903474903475,0.11776061776061776,0.019305019305019305,0.40470259553515847,0.06673750675277745,0.3026766229557959,0.14754098360655737,1.0868482544811862
0.0,1.0,207,0.2,hysteresis,484,2.293143599288683,2.2780315041735224,0.16115702479338842,0.014462809917355372,0.12190082644628099,0.022727272727272728,0.4010367713454495,0.07766147115816695,0.3120850600342908,0.1864406779661017,1.0175260433132567
0.0,1.5,207,0.05,raw,572,1.9441320485245677,2.1583192481803755,0.23776223776223776,0.0944055944055944,0.12937062937062938,0.013986013986013986,0.5506372404376545,0.12723198173311795,0.28569084699595,0.17567567567567569,1.200192823889785
0.0,1.5,207,0.05,hysteresis,510,2.1762813776617858,2.210290314703178,0.22156862745098038,0.052941176470588235,0.1450980392156863,0.023529411764705882,0.5594909033457048,0.15404409460336674,0.2844593623175485,0.21621621621621623,1.0721652803188007
0.0,1.5,207,0.2,raw,572,1.9441354357275509,2.1594281170964944,0.23426573426573427,0.09090909090909091,0.12937062937062938,0.013986013986013986,0.5432350847043463,0.12184797991507589,0.28335571009963256,0.17567567567567569,1.200190732833453
0.0,1.5,207,0.2,hysteresis,508,2.1848510564380024,2.2132747961536134,0.21653543307086615,0.04921259842519685,0.14566929133858267,0.021653543307086614,0.5522517149867261,0.1464435576765435,0.28066942997312094,0.21621621621621623,1.0679599080485622
0.0,2.0,207,0.05,raw,636,1.7500083563055708,2.061283843012256,0.2610062893081761,0.139937106918239,0.11163522012578617,0.009433962264150943,0.6519034785285733,0.20264311232929372,0.3265040910780676,0.15492957746478872,1.3333269666547283
0.0,2.0,207,0.05,hysteresis,569,1.9506487869782552,2.128686318238974,0.2759226713532513,0.10017574692442882,0.1616871704745167,0.014059753954305799,0.666843415400725,0.23855923249098865,0.3676380841390465,0.18478260869565216,1.1961832129441885
0.0,2.0,207,0.2,raw,633,1.7583073553553072,2.0705082776876873,0.26066350710900477,0.13744075829383887,0.11374407582938388,0.009478672985781991,0.6470152038557868,0.19791461100411542,0.3256952425498577,0.16666666666666666,1.3270338238799149
0.0,2.0,207,0.2,hysteresis,566,1.960989146843283,2.1343235198562676,0.27208480565371024,0.09717314487632508,0.1607773851590106,0.014134275618374558,0.6610616743387584,0.232672381790328,0.3582835307937703,0.18681318681318682,1.189875699765822
0.0,3.0,207,0.05,raw,772,1.4417365548715022,1.1258840267935055,0.34196891191709844,0.25777202072538863,0.07901554404145078,0.0051813471502590676,0.7587956124514529,0.33906283630809836,0.4713681388196675,0.04918032786885246,1.618418653150746
0.0,3.0,207,0.05,hysteresis,701,1.587761227333523,1.227130719303592,0.369472182596291,0.23109843081312412,0.1312410841654779,0.007132667617689016,0.7845427048524741,0.3878783791527238,0.5243942352650448,0.10869565217391304,1.469574450594136
0.0,3.0,207,0.2,raw,768,1.449246582428173,1.1294630954538865,0.33984375,0.25390625,0.08072916666666667,0.005208333333333333,0.7548275542200303,0.3327727080241157,0.46126509199204513,0.04838709677419355,1.6100319722154506
0.0,3.0,207,0.2,hysteresis,694,1.6037771978455864,1.2622139849599012,0.3688760806916426,0.22334293948126802,0.138328530259366,0.007204610951008645,0.7796414877448975,0.3797046495866113,0.51939013180888,0.11458333333333333,1.454898683225941
0.0,4.0,207,0.05,raw,929,1.1980816617536556,1.0373087209004317,0.37244348762109797,0.3207750269106566,0.05166846071044134,0.0,0.7951269434320603,0.3912014043181396,0.4910211091889499,0.0625,1.9475578400206777
0.0,4.0,207,0.05,hysteresis,846,1.3156239524457989,1.0633161383440737,0.4243498817966903,0.32860520094562645,0.0933806146572104,0.002364066193853428,0.8276269205050719,0.4695386255364074,0.5816657003049426,0.1518987341772152,1.7735564398896593
0.0,4.0,207,0.2,raw,928,1.1993733419338688,1.0375707432405177,0.36314655172413796,0.3125,0.05064655172413793,0.0,0.7874844154543863,0.37924456542929624,0.47707957490429087,0.06382978723404255,1.9454603931508667
0.0,4.0,207,0.2,hysteresis,842,1.3218746571432662,1.0642678409461768,0.41330166270783847,0.3194774346793349,0.09144893111638955,0.0023752969121140144,0.8231971477238783,0.4623317568796923,0.573896596531568,0.15584415584415584,1.7651698825786961
0.5,0.0,207,0.05,raw,479,2.3167302637854603,2.3230529603608177,0.1336116910229645,0.0020876826722338203,0.11691022964509394,0.014613778705636743,0.031286912420345044,0.03420214207306874,0.40565179004433927,0.125,1.0071665958732479
0.5,0.0,207,0.05,hysteresis,468,2.3711833255411014,2.33204540250867,0.12393162393162394,0.0,0.1111111111111111,0.01282051282051282,0.03021845055090002,0.028101033832223125,0.4037508406206126,0.1346153846153846,0.9840375091204174
0.5,0.0,207,0.2,raw,479,2.3167232581206525,2.323127999686531,0.1336116910229645,0.0020876826722338203,0.11691022964509394,0.014613778705636743,0.030987434955423533,0.03322296907298375,0.4057135094907869,0.125,1.0071696414988107
0.5,0.0,207,0.2,hysteresis,466,2.381352876909426,2.3324267714530595,0.12446351931330472,0.0,0.11158798283261803,0.01072961373390558,0.02747257069191266,0.027199102278477588,0.40618414357253013,0.1346153846153846,0.9798351835875693
0.5,1.0,207,0.05,raw,503,2.206469063906976,2.2604504050342547,0.17296222664015903,0.02186878727634195,0.14314115308151093,0.007952286282306162,0.35098508211770824,0.05756922338922927,0.2920011414955431,0.16666666666666666,1.0574965094691697
0.5,1.0,207,0.05,hysteresis,479,2.3170228374639015,2.288421896263973,0.1732776617954071,0.0041753653444676405,0.15031315240083507,0.018789144050104383,0.3352021301070598,0.05285592644638491,0.300091912319125,0.19444444444444445,1.0070394195541397
0.5,1.0,207,0.2,raw,503,2.2064662320205604,2.2624530990518212,0.17296222664015903,0.02186878727634195,0.14314115308151093,0.007952286282306162,0.34687580227198456,0.054712141332242455,0.29379397876354374,0.16666666666666666,1.0574978667117854
0.5,1.0,207,0.2,hysteresis,479,2.3170198636875603,2.288672025048246,0.17118997912317327,0.0041753653444676405,0.14822546972860126,0.018789144050104383,0.3314174027683381,0.05078493657531256,0.3017941344245302,0.19718309859154928,1.0070407120376643
0.5,1.5,207,0.05,raw,529,2.0980930173786727,2.207737174152831,0.21739130434782608,0.0661625708884688,0.14177693761814744,0.00945179584120983,0.47664888023196944,0.10955386017508052,0.2660528404771709,0.14666666666666667,1.1121210137044195
0.5,1.5,207,0.05,hysteresis,489,2.2697161680844946,2.2437823731109496,0.2167689161554192,0.02044989775051125,0.17995910020449898,0.016359918200409,0.4581221207372251,0.10512105632123783,0.2836865290228318,0.22727272727272727,1.0280286875263915
0.5,1.5,207,0.2,raw,529,2.0980921109291404,2.2080733155079746,0.21172022684310018,0.06049149338374291,0.14177693761814744,0.00945179584120983,0.4710040272540577,0.1052964842056036,0.26492042075918565,0.14666666666666667,1.1121214941797846
0.5,1.5,207,0.2,hysteresis,488,2.2743662431998257,2.247001385052691,0.21311475409836064,0.018442622950819672,0.1762295081967213,0.018442622950819672,0.4520872428395337,0.10114712427626218,0.2831923164226248,0.20930232558139536,1.0259268226081946
0.5,2.0,207,0.05,raw,565,1.966264242178314,2.1446522052583017,0.2584070796460177,0.09734513274336283,0.1504424778761062,0.010619469026548672,0.5604635310054165,0.15416467216694568,0.3041408212513398,0.15294117647058825,1.1866835002544542
0.5,2.0,207,0.05,hysteresis,514,2.1593724522623514,2.1851912746707485,0.26653696498054474,0.05252918287937743,0.19649805447470817,0.017509727626459144,0.5551787420936144,0.16404350113113522,0.32577843049815935,0.18811881188118812,1.080560850393699
0.5,2.0,207,0.2,raw,563,1.9732489555491701,2.1476079199062066,0.2557726465364121,0.09769094138543517,0.14742451154529307,0.010657193605683837,0.5567517505764886,0.15236458933256608,0.30350683355306046,0.1566265060240964,1.1824829942372626
0.5,2.0,207,0.2,hysteresis,512,2.1678079279834073,2.189393597109602,0.26171875,0.048828125,0.1953125,0.017578125,0.5503240130751844,0.16015191802349518,0.31979112669307475,0.18,1.076356121413351
0.5,3.0,207,0.05,raw,664,1.67628767641061,2.0004772892783267,0.2876506024096386,0.1536144578313253,0.12951807228915663,0.004518072289156626,0.6578733750622603,0.21148087005882654,0.3481068170141001,0.11627906976744186,1.391964736225728
0.5,3.0,207,0.05,hysteresis,583,1.9038610914300402,2.0991122472309005,0.34133790737564323,0.11492281303602059,0.2195540308747856,0.00686106346483705,0.6788117761708484,0.2585024138697236,0.4273405821149872,0.2109375,1.2255796096871256
0.5,3.0,207,0.2,raw,662,1.681353614488175,2.016089962945969,0.2809667673716012,0.1510574018126888,0.12537764350453173,0.004531722054380665,0.6522953619480211,0.20401011495675586,0.3407665390462069,0.12048192771084337,1.387770730218241
0.5,3.0,207,0.2,hysteresis,583,1.9038624620361517,2.0996575896140635,0.3361921097770154,0.11492281303602059,0.2144082332761578,0.00686106346483705,0.6721278575751891,0.24968598368670888,0.4190257493777369,0.208,1.2255787273823704
0.5,4.0,207,0.05,raw,761,1.4625844514462463,1.1798688815956773,0.3193166885676741,0.19842312746386334,0.11957950065703023,0.0,0.711691102147409,0.27029188913372754,0.40476860481549304,0.15384615384615385,1.5953494726585293
0.5,4.0,207,0.05,hysteresis,661,1.6838529009842562,2.020766467077169,0.3630862329803328,0.16792738275340394,0.18608169440242056,0.009077155824508321,0.7396239397565137,0.3264687687500621,0.4695640702470947,0.2032520325203252,1.385710908577251
0.5,4.0,207,0.2,raw,757,1.4703120413877726,1.1875553670336203,0.3130779392338177,0.1955085865257596,0.11756935270805813,0.0,0.7078180743963458,0.2628164254311575,0.3955708915646378,0.12359550561797752,1.586964717456158
0.5,4.0,207,0.2,hysteresis,657,1.694103828509199,2.030303920850316,0.3622526636225266,0.1643835616438356,0.1887366818873668,0.0091324200913242,0.733616313226503,0.31932529140537214,0.45941219414030815,0.1935483870967742,1.3773260493641954
0.0,0.0,208,0.05,raw,476,2.337575273407567,2.3261967321426744,0.1092436974789916,0.0,0.0819327731092437,0.018907563025210083,0.030671974299013048,0.03920621174006535,0.4376293532927514,0.02564102564102564,0.9981853247155331
0.0,0.0,208,0.05,hysteresis,451,2.467152616722842,2.338831597005732,0.10421286031042129,0.0,0.07538802660753881,0.013303769401330377,0.02688751738143359,0.03639742640670289,0.4702947902934532,0.029411764705882353,0.9457596248880366
0.0,0.0,208,0.2,raw,474,2.347437422373033,2.325911990836819,0.11181434599156118,0.0,0.08438818565400844,0.02109704641350211,0.03219266101979391,0.0372857267829015,0.4351229978364047,0.025,0.9939917081898431
0.0,0.0,208,0.2,hysteresis,451,2.4671515259530326,2.338306125587958,0.10421286031042129,0.0,0.07538802660753881,0.013303769401330377,0.02761313307287286,0.03674999691834722,0.46828914343891553,0.029411764705882353,0.945760043024513
0.0,1.0,208,0.05,raw,549,2.0271323532824526,2.2146723779017727,0.22768670309653916,0.10018214936247723,0.12021857923497267,0.007285974499089253,0.4298376181829041,0.10519015093630739,0.2974936390587322,0.15151515151515152,1.1510513013889114
0.0,1.0,208,0.05,hysteresis,486,2.2899087694486973,2.2804765300899392,0.19753086419753085,0.030864197530864196,0.13580246913580246,0.024691358024691357,0.39957905898495866,0.11468078089364402,0.30938968102555353,0.12121212121212122,1.0189634471311673
0.0,1.0,208,0.2,raw,548,2.0308302987254137,2.2153218214020405,0.22262773722627738,0.0948905109489051,0.12043795620437957,0.0072992700729927005,0.424151837877622,0.10180201604573602,0.2979214548234777,0.15151515151515152,1.148955348360607
0.0,1.0,208,0.2,hysteresis,484,2.2993698423585265,2.284019271072975,0.1962809917355372,0.026859504132231406,0.13636363636363635,0.026859504132231406,0.39361248673954125,0.11179532537300503,0.3115680265528787,0.12121212121212122,1.0147707821287113
0.0,1.5,208,0.05,raw,606,1.8365127392865124,2.1200795270303336,0.27722772277227725,0.15346534653465346,0.11221122112211221,0.01155115511551155,0.5569536427440027,0.1611343397847183,0.3390674123115224,0.14705882352941177,1.2705239029487139
0.0,1.5,208,0.05,hysteresis,533,2.0880426266559597,2.198284037832439,0.2682926829268293,0.09568480300187618,0.14821763602251406,0.0225140712945591,0.5584916415202812,0.19903631533137076,0.3404285069299635,0.17721518987341772,1.1174739938476312
0.0,1.5,208,0.2,raw,605,1.8395508139733752,2.121000414482397,0.2743801652892562,0.15206611570247933,0.11074380165289256,0.011570247933884297,0.5514732900187119,0.15780594256507005,0.33601653129287323,0.14925373134328357,1.2684255936879516
0.0,1.5,208,0.2,hysteresis,532,2.0919703805524286,2.1991815269468002,0.2631578947368421,0.09586466165413533,0.14473684210526316,0.020676691729323307,0.5523749583340661,0.1938809109398581,0.33563553679549507,0.16883116883116883,1.115375893953703
0.0,2.0,208,0.05,raw,672,1.6561680666607348,1.9837106216733953,0.29910714285714285,0.1875,0.1056547619047619,0.005952380952380952,0.6483094035292783,0.21784774373425286,0.3682926914110324,0.15492957746478872,1.4088747273324378
0.0,2.0,208,0.05,hysteresis,607,1.8335172006524114,2.1014314775702916,0.3163097199341021,0.171334431630972,0.13179571663920922,0.013179571663920923,0.6670734007508133,0.2714094194254141,0.41059687616444723,0.2,1.2725996420993895
0.0,2.0,208,0.2,raw,671,1.658638040061682,1.989638102308827,0.29210134128166915,0.18032786885245902,0.10581222056631892,0.005961251862891207,0.6407199671578332,0.21034689713859392,0.36237926548865634,0.15492957746478872,1.4067766908605086
0.0,2.0,208,0.2,hysteresis,605,1.839580371704775,2.1038650101547165,0.31074380165289256,0.1652892561983471,0.1322314049586777,0.013223140495867768,0.6607994055311665,0.26521486354513,0.4062231188181285,0.2,1.2684052130709507
0.0,3.0,208,0.05,raw,795,1.3999545919597938,1.1082472202790712,0.3534591194968553,0.2779874213836478,0.0729559748427673,0.0025157232704402514,0.7550441475884984,0.3481825861459779,0.4586808085595104,0.08620689655172414,1.6667207256107535
0.0,3.0,208,0.05,hysteresis,726,1.5330081275592784,1.165443760382487,0.4049586776859504,0.2741046831955923,0.12534435261707988,0.005509641873278237,0.7776499995967222,0.404655119087359,0.5360866946385253,0.17582417582417584,1.522061945652084
0.0,3.0,208,0.2,raw,792,1.405257956294158,1.1116121681549684,0.3484848484848485,0.27146464646464646,0.07449494949494949,0.0025252525252525255,0.7496413538326613,0.3424421219248128,0.4509158074954423,0.0847457627118644,1.6604306155196065
0.0,3.0,208,0.2,hysteresis,726,1.5330086795936273,1.1677556068461223,0.3939393939393939,0.26584022038567495,0.12258953168044077,0.005509641873278237,0.7717843490074432,0.3953324982419517,0.5260580904195195,0.16853932584269662,1.522061397559639
0.0,4.0,208,0.05,raw,923,1.2058215470950895,1.030913083445026,0.39869989165763814,0.35752979414951247,0.041170097508125676,0.0,0.8035160665370595,0.43215013000251384,0.5215607009913118,0.02631578947368421,1.9350569236007604
0.0,4.0,208,0.05,hysteresis,851,1.3078417014909138,1.0611448415823979,0.4383078730904818,0.3619271445358402,0.07638072855464159,0.0,0.8341964974894943,0.49636418938970384,0.6008722658476597,0.07692307692307693,1.7841099046416546
0.0,4.0,208,0.2,raw,920,1.2097537839796824,1.0320860665141036,0.4,0.3576086956521739,0.042391304347826085,0.0,0.7975898518205733,0.4247148795301017,0.5135363693879789,0.02564102564102564,1.9287671295041975
0.0,4.0,208,0.2,hysteresis,846,1.3155714908526097,1.0636381052876567,0.44089834515366433,0.3628841607565012,0.07801418439716312,0.0,0.831591513325529,0.4929583612588997,0.5955434960169027,0.07575757575757576,1.7736271647397297
0.5,0.0,208,0.05,raw,480,2.3189946142330613,2.313941998646623,0.13541666666666666,0.0020833333333333333,0.11666666666666667,0.014583333333333334,0.02403675695428535,0.04652230558114085,0.3897555213139769,0.07142857142857142,1.0061831618806991
0.5,0.0,208,0.05,hysteresis,446,2.490942411816425,2.3299624280710267,0.12331838565022421,0.0,0.10762331838565023,0.008968609865470852,0.014737021260003785,0.03276508623125789,0.3956469702192016,0.020833333333333332,0.9367271287624185
0.5,0.0,208,0.2,raw,478,2.3286965665007338,2.3164017450869494,0.13807531380753138,0.0020920502092050207,0.1192468619246862,0.014644351464435146,0.02446497139636164,0.04481837530320245,0.38936811320735937,0.07017543859649122,1.001991142555583
0.5,0.0,208,0.2,hysteresis,445,2.4965406474911984,2.3308649395167675,0.12359550561797752,0.0,0.10786516853932585,0.008988764044943821,0.01654218816535779,0.03456078587607126,0.39275128772677437,0.020833333333333332,0.9346266145028025
0.5,1.0,208,0.05,raw,528,2.1081823141827325,2.235445626023717,0.20075757575757575,0.058712121212121215,0.12878787878787878,0.013257575757575758,0.3521422771942566,0.061252960310350026,0.2754994242704679,0.10294117647058823,1.106798647173873
0.5,1.0,208,0.05,hysteresis,476,2.338487945143872,2.293886346633995,0.17857142857142858,0.014705882352941176,0.1323529411764706,0.023109243697478993,0.32084811755448667,0.07246985678483489,0.3066670032621227,0.1111111111111111,0.9977957501037188
0.5,1.0,208,0.2,raw,528,2.1081832659283313,2.235671750932279,0.20075757575757575,0.058712121212121215,0.12878787878787878,0.013257575757575758,0.34676617961001627,0.05754432231967976,0.27475192658520636,0.10294117647058823,1.1067981475063355
0.5,1.0,208,0.2,hysteresis,475,2.3434121356003352,2.296611669990818,0.17684210526315788,0.014736842105263158,0.13263157894736843,0.021052631578947368,0.31606902934425646,0.07054042027838985,0.3066487758505411,0.1111111111111111,0.9956990910331618
0.5,1.5,208,0.05,raw,570,1.9528344502763662,2.165394613143893,0.23508771929824562,0.08947368421052632,0.13859649122807016,0.007017543859649123,0.478236815745903,0.10813570269429594,0.2895602892461403,0.11392405063291139,1.1948444134642948
0.5,1.5,208,0.05,hysteresis,504,2.2085627711458904,2.2336379080770223,0.23412698412698413,0.03571428571428571,0.17261904761904762,0.025793650793650792,0.46198336455224265,0.12111332279039615,0.30033364893284353,0.16091954022988506,1.0564940076947449
0.5,1.5,208,0.2,raw,569,1.9562665993933224,2.167388727770395,0.23198594024604569,0.08611599297012303,0.13884007029876977,0.007029876977152899,0.47426900943742983,0.10303128840056422,0.2829951316082976,0.11392405063291139,1.1927481326200362
0.5,1.5,208,0.2,hysteresis,504,2.208562887013493,2.233878976299824,0.23214285714285715,0.03571428571428571,0.17063492063492064,0.025793650793650792,0.456676095875499,0.11961472495586718,0.29297345566128274,0.16279069767441862,1.056493952268011
0.5,2.0,208,0.05,raw,614,1.81288759740779,2.091538723134617,0.26384364820846906,0.12052117263843648,0.13680781758957655,0.006514657980456026,0.5689287831226618,0.16015962936228528,0.3238900152945268,0.14285714285714285,1.28708108360922
0.5,2.0,208,0.05,hysteresis,539,2.0651446842456083,2.179582590972084,0.2653061224489796,0.07050092764378478,0.17810760667903525,0.016697588126159554,0.5654209281444843,0.1802801095656376,0.3432316726345445,0.15625,1.12986433886868
0.5,2.0,208,0.2,raw,613,1.8158453804721038,2.093398621243205,0.25938009787928223,0.11582381729200653,0.1370309951060359,0.0065252854812398045,0.5632021125604145,0.1543013224063351,0.31989928426656183,0.15476190476190477,1.2849845908833315
0.5,2.0,208,0.2,hysteresis,538,2.068983677006319,2.1838123332669213,0.26579925650557623,0.07063197026022305,0.17657992565055763,0.01858736059479554,0.5611461136127821,0.17626585846320492,0.3404869621939195,0.15789473684210525,1.127767879111309
0.5,3.0,208,0.05,raw,715,1.5567972961681105,1.2377470485964481,0.2895104895104895,0.18461538461538463,0.1020979020979021,0.002797202797202797,0.6645267470443181,0.23130272030748886,0.36410857836294713,0.1232876712328767,1.4988035623369742
0.5,3.0,208,0.05,hysteresis,620,1.79533881735516,2.0588549089307078,0.33225806451612905,0.14838709677419354,0.17419354838709677,0.00967741935483871,0.6874997366209007,0.29625058016019196,0.44488896349959667,0.2037037037037037,1.2996618302782152
0.5,3.0,208,0.2,raw,715,1.5567982668160623,1.2423904966193706,0.2839160839160839,0.17902097902097902,0.1020979020979021,0.002797202797202797,0.6569032352611328,0.22228850616539197,0.3540829982980264,0.1232876712328767,1.4988026278481335
0.5,3.0,208,0.2,hysteresis,619,1.7982403243513478,2.06305792772988,0.33279483037156704,0.1470113085621971,0.17609046849757673,0.009693053311793215,0.6815109470065852,0.2878733829547627,0.4372539670546803,0.2018348623853211,1.2975647925006917
0.5,4.0,208,0.05,raw,770,1.4455949454573016,1.144303949338946,0.33376623376623377,0.24675324675324675,0.08441558441558442,0.0025974025974025974,0.731582043168112,0.32176850184502503,0.4495306288636206,0.1076923076923077,1.614098984411711
0.5,4.0,208,0.05,hysteresis,687,1.6202446986930454,1.3317662048313157,0.35807860262008734,0.21397379912663755,0.13973799126637554,0.004366812227074236,0.750488363104492,0.36894071101507864,0.49847040328313724,0.15625,1.4401116912868122
0.5,4.0,208,0.2,raw,766,1.453144994529224,1.1485076352924022,0.33550913838120106,0.2454308093994778,0.08616187989556136,0.0039164490861618795,0.7282213969165677,0.3174097107671784,0.4471831051126898,0.10606060606060606,1.6057126729389206
0.5,4.0,208,0.2,hysteresis,682,1.6321247299257853,1.9220669620395103,0.3592375366568915,0.2126099706744868,0.14076246334310852,0.005865102639296188,0.7476769595482761,0.36617897874936334,0.4943478704811028,0.15625,1.4296292988829553
