r,delta,seed,factor,cycles,mean_N,median_N,integer_fraction,band1,band2,band3,event_R1,event_R2,interval_R,next2_given2,event_Omega
0.0,0.0,201,0.1,466,2.3893401867343638,2.334904891864798,0.1072961373390558,0.0,0.08798283261802575,0.012875536480686695,0.03586015006453861,0.028077313172570784,0.4264095466367966,0.0975609756097561,0.9765596989026591
0.0,0.0,201,0.25,455,2.4471044549850847,2.3495446322874547,0.10989010989010989,0.0,0.08571428571428572,0.015384615384615385,0.04323678194989685,0.032303287438168925,0.4229510411114554,0.10256410256410256,0.9535078605165448
0.0,0.0,201,0.5,418,2.66371417946941,2.3667723558933003,0.09090909090909091,0.0,0.06698564593301436,0.007177033492822967,0.03110308476180581,0.03901854759348064,0.47581868932776955,0.10714285714285714,0.8759698586723422
0.0,1.0,201,0.1,519,2.146152794934981,2.2527516948033193,0.19653179190751446,0.04816955684007707,0.1252408477842004,0.023121387283236993,0.4023702351506566,0.061930408193473736,0.2756151232621305,0.13846153846153847,1.0872167810419218
0.0,1.0,201,0.25,495,2.2488623493065916,2.2730244777645217,0.18383838383838383,0.028282828282828285,0.13131313131313133,0.022222222222222223,0.38565835695218004,0.06250634331559596,0.2950858391400863,0.16923076923076924,1.0375616515847612
0.0,1.0,201,0.5,450,2.473748584237251,2.3191755546337856,0.16,0.0044444444444444444,0.12222222222222222,0.02,0.342764603881491,0.04422406588204874,0.32405696812402196,0.14545454545454545,0.9432378650770556
0.0,1.5,201,0.1,572,1.9473800654556577,2.1507488605850877,0.24125874125874125,0.0944055944055944,0.1346153846153846,0.012237762237762238,0.5557225580422023,0.1507212360731712,0.27586251863689537,0.15584415584415584,1.1981910335450459
0.0,1.5,201,0.25,533,2.089871289757291,2.2037984276799487,0.24765478424015008,0.075046904315197,0.14821763602251406,0.0225140712945591,0.5464403086051505,0.15631823713539486,0.29163908415540357,0.20253164556962025,1.1164961903487927
0.0,1.5,201,0.5,474,2.348396913747474,2.253660799110907,0.23417721518987342,0.029535864978902954,0.16244725738396623,0.027426160337552744,0.5095389905920504,0.12981042513807434,0.28761279333381157,0.19480519480519481,0.9935855900993742
0.0,2.0,201,0.1,635,1.7542167147402352,2.064803658982624,0.27244094488188975,0.14488188976377953,0.11811023622047244,0.009448818897637795,0.6508073346427113,0.20779628665043287,0.3474033194218014,0.18666666666666668,1.3301283209348818
0.0,2.0,201,0.25,600,1.8565460231000819,2.1041725595071195,0.2816666666666667,0.12333333333333334,0.14666666666666667,0.011666666666666667,0.6529084803741326,0.21754151269407782,0.35728773332571057,0.20454545454545456,1.2568141615132742
0.0,2.0,201,0.5,519,2.1447243778220573,2.175850709841383,0.2928709055876686,0.0674373795761079,0.1907514450867052,0.02697495183044316,0.6379189171771183,0.21216711241421846,0.3602725263645441,0.24242424242424243,1.087940882969217
0.0,3.0,201,0.1,784,1.4208612731339296,1.1240736788096604,0.34566326530612246,0.25892857142857145,0.08163265306122448,0.00510204081632653,0.7692474826675912,0.33983503017933453,0.48237830304789925,0.109375,1.6421964462348992
0.0,3.0,201,0.25,734,1.5176501881975488,1.1668339745589922,0.3814713896457766,0.25340599455040874,0.1226158038147139,0.005449591280653951,0.785909145730005,0.3805802022696441,0.534833404032577,0.17777777777777778,1.5374645300209389
0.0,3.0,201,0.5,640,1.7405550595890638,2.014935986975617,0.409375,0.19375,0.2015625,0.0140625,0.7974118092359551,0.4184381942181055,0.5744565090550963,0.29457364341085274,1.3405685275386932
0.0,4.0,201,0.1,910,1.2231469549890686,1.0462174175514292,0.3956043956043956,0.33406593406593404,0.06153846153846154,0.0,0.8209567062011581,0.4490226912026314,0.5589113043211623,0.14285714285714285,1.9076475838131708
0.0,4.0,201,0.25,866,1.28529298965364,1.0599371085350877,0.43187066974595845,0.3394919168591224,0.09122401847575058,0.0011547344110854503,0.8354713356364746,0.4848382420858221,0.6087905057860594,0.12658227848101267,1.8154096786617646
0.0,4.0,201,0.5,771,1.4436624241764622,1.1036933041709822,0.4708171206225681,0.30739299610894943,0.1621271076523995,0.0012970168612191958,0.8506491503120713,0.5266322992375448,0.6555374464411244,0.248,1.6162596561757745
0.5,0.0,201,0.1,469,2.369483259291615,2.331467906217827,0.13859275053304904,0.0021321961620469083,0.11513859275053305,0.017057569296375266,0.021846020173420185,0.03472520965016534,0.3323127058763044,0.07407407407407407,0.984743540256499
0.5,0.0,201,0.25,453,2.45317361723569,2.334247882453337,0.1456953642384106,0.0,0.11920529801324503,0.01545253863134658,0.02181249178021129,0.032254805463773746,0.34774927000893446,0.07407407407407407,0.9511488779023328
0.5,0.0,201,0.5,389,2.8567805876806363,2.357971301693981,0.11311053984575835,0.0,0.09511568123393316,0.007712082262210797,0.03174775255529591,0.04555983857926004,0.42462639202856745,0.08108108108108109,0.8167702284856677
0.5,1.0,201,0.1,507,2.1924675145355543,2.267412035516004,0.1992110453648915,0.03944773175542406,0.1341222879684418,0.023668639053254437,0.3591071131734323,0.1015004099691193,0.25072189178970694,0.1323529411764706,1.0642499001074683
0.5,1.0,201,0.25,480,2.3157938122281796,2.300795617051018,0.19375,0.014583333333333334,0.13541666666666666,0.0375,0.33533415915160597,0.0986679717445705,0.2613186276136395,0.09230769230769231,1.0075738699242305
0.5,1.0,201,0.5,424,2.6216533723337876,2.3583117306376584,0.16981132075471697,0.0,0.1179245283018868,0.02122641509433962,0.2771875622031569,0.07861154198802695,0.31386719443075833,0.08,0.8900235850997368
0.5,1.5,201,0.1,540,2.0585943158649798,2.2043210089849,0.24074074074074073,0.08703703703703704,0.13518518518518519,0.018518518518518517,0.4935633655258446,0.13212857152232216,0.2514743781803444,0.1506849315068493,1.1334595239824676
0.5,1.5,201,0.25,504,2.2056367669981927,2.2373608410116494,0.24404761904761904,0.051587301587301584,0.16666666666666666,0.021825396825396824,0.47147803989271986,0.13139261238269895,0.2599282540945355,0.20238095238095238,1.0578955557169696
0.5,1.5,201,0.5,441,2.5207277337122203,2.311574439567229,0.20634920634920634,0.0022675736961451248,0.1564625850340136,0.018140589569160998,0.4142496007249088,0.08527530982503147,0.2540980620483549,0.2028985507246377,0.9256586112523485
0.5,2.0,201,0.1,579,1.9199920098999366,2.1348300894338346,0.2918825561312608,0.12780656303972365,0.14853195164075994,0.015544041450777202,0.5800994746340212,0.17071751657284237,0.30072463761337587,0.2441860465116279,1.215282835189996
0.5,2.0,201,0.25,543,2.047284297849103,2.1746279901224814,0.3020257826887661,0.10865561694290976,0.1731123388581952,0.020257826887661142,0.5716894060023675,0.18093774980115443,0.30287205913782295,0.26595744680851063,1.1397212081315509
0.5,2.0,201,0.5,470,2.365266752621411,2.2503081659992406,0.28085106382978725,0.01702127659574468,0.20638297872340425,0.03829787234042553,0.5228054474270494,0.133164463336626,0.2789729555145217,0.28865979381443296,0.9864990199297032
0.5,3.0,201,0.1,666,1.672680371198523,1.9857386249600952,0.34234234234234234,0.1996996996996997,0.13513513513513514,0.0075075075075075074,0.6869658517316614,0.26560761695402757,0.4182691098127667,0.17777777777777778,1.3949666496423545
0.5,3.0,201,0.25,616,1.8084498818477537,2.0697486968199446,0.3425324675324675,0.16558441558441558,0.1672077922077922,0.00974025974025974,0.6922111768732733,0.2860923730067463,0.41928526149036643,0.23300970873786409,1.2902394236932289
0.5,3.0,201,0.5,521,2.133809453302075,2.1495931370059655,0.3531669865642994,0.06525911708253358,0.2571976967370441,0.026871401151631478,0.6723065772677645,0.27706043718025164,0.42787509344430164,0.31343283582089554,1.0935059499912212
0.5,4.0,201,0.1,745,1.495306153455585,1.1533853176889621,0.35570469798657717,0.24563758389261744,0.1087248322147651,0.0013422818791946308,0.7453968115500496,0.34099009941173597,0.46130723052665773,0.16049382716049382,1.5604385282178537
0.5,4.0,201,0.25,683,1.6310440473271026,1.917061706679856,0.37920937042459735,0.21961932650073207,0.15519765739385066,0.004392386530014641,0.7552365526538197,0.3708669756908356,0.5027715283857795,0.20754716981132076,1.4305765298963677
0.5,4.0,201,0.5,586,1.8971606882539525,2.0774887656247256,0.39078498293515357,0.13310580204778158,0.23720136518771331,0.020477815699658702,0.7500483784207317,0.38184479826530326,0.5204474761059132,0.2733812949640288,1.2299081188957226
0.0,0.0,202,0.1,466,2.380915173594669,2.3322009244911426,0.09227467811158799,0.002145922746781116,0.07510729613733906,0.01072961373390558,0.039809763445974394,0.0226659213774329,0.44727616534812387,0.05714285714285714,0.9800153147877599
0.0,0.0,202,0.25,444,2.498888447961972,2.345792008208832,0.09234234234234234,0.0,0.06981981981981981,0.009009009009009009,0.04271930039094116,0.019618837471111615,0.4675695753448877,0.06451612903225806,0.933748497351428
0.0,0.0,202,0.5,396,2.801784017411908,2.354985878522705,0.07575757575757576,0.0,0.047979797979797977,0.007575757575757576,0.034720331334192216,0.01683735503552505,0.49817414521215403,0.05263157894736842,0.8328027138539763
0.0,1.0,202,0.1,517,2.145955942321059,2.2422001027824874,0.218568665377176,0.059961315280464215,0.13539651837524178,0.02321083172147002,0.43674521563040425,0.12703567168050328,0.31267375194297986,0.21428571428571427,1.0873165135019538
0.0,1.0,202,0.25,489,2.268832765194248,2.2781597379213743,0.21063394683026584,0.034764826175869123,0.130879345603272,0.04294478527607362,0.42072305944795274,0.13511413315158194,0.3162920098557664,0.1875,1.0284289653819254
0.0,1.0,202,0.5,439,2.5272419639635246,2.3278358580619,0.1776765375854214,0.004555808656036446,0.10933940774487472,0.03189066059225513,0.37006769719722354,0.09652862381368661,0.34721762624980057,0.125,0.9232726294533031
0.0,1.5,202,0.1,571,1.9429614742982793,2.167504850912906,0.266199649737303,0.11033274956217162,0.13134851138353765,0.024518388791593695,0.5702003167683347,0.18676164331180847,0.32209766173639365,0.22666666666666666,1.2009159029651069
0.0,1.5,202,0.25,535,2.073702807148257,2.1995443728964523,0.27476635514018694,0.08971962616822429,0.15700934579439252,0.028037383177570093,0.5644358185566859,0.20162850633343035,0.3284879813473336,0.27380952380952384,1.1252014152124907
0.0,1.5,202,0.5,476,2.330737398790583,2.258229281694727,0.2647058823529412,0.025210084033613446,0.1722689075630252,0.052521008403361345,0.530675145861545,0.17979434218276072,0.3270727295020722,0.2682926829268293,1.0011137825068144
0.0,2.0,202,0.1,622,1.7835955040809008,2.0813676508638936,0.3070739549839228,0.1752411575562701,0.10771704180064309,0.024115755627009645,0.6701173464433602,0.2678393464686772,0.3918059506661648,0.14925373134328357,1.3082188915561974
0.0,2.0,202,0.25,579,1.9160559646603115,2.125895015201463,0.307426597582038,0.1381692573402418,0.14162348877374784,0.027633851468048358,0.6701321617170775,0.28539870818812296,0.39680913222543307,0.21951219512195122,1.2177793218826982
0.0,2.0,202,0.5,511,2.171030143910607,2.189453598334579,0.30332681017612523,0.07045009784735812,0.17221135029354206,0.05675146771037182,0.6504072736107998,0.28091202862943787,0.38811952770186564,0.26136363636363635,1.074758607050188
0.0,3.0,202,0.1,758,1.4634762368255994,1.1264701517116222,0.36015831134564646,0.2717678100263852,0.08311345646437995,0.005277044854881266,0.768593857354308,0.3720390288021496,0.49556975584111,0.12698412698412698,1.5943773288690537
0.0,3.0,202,0.25,714,1.5536624474983252,1.1707953552068147,0.3907563025210084,0.26750700280112044,0.11204481792717087,0.011204481792717087,0.7835067486871272,0.41121477914186444,0.5362611090729613,0.1375,1.5018277213885283
0.0,3.0,202,0.5,619,1.7921082189237547,2.0592991137269787,0.4184168012924071,0.18578352180936994,0.2148626817447496,0.017770597738287562,0.7829769295456828,0.42496945397152897,0.5578159390136701,0.2857142857142857,1.3020047052373938
0.0,4.0,202,0.1,876,1.2684700322887361,1.0492002436323968,0.4246575342465753,0.3710045662100457,0.05365296803652968,0.0,0.8240609240032418,0.46650806989482924,0.5789859844119601,0.08695652173913043,1.8394863685689398
0.0,4.0,202,0.25,830,1.3387707810661844,1.0667842849568367,0.4566265060240964,0.36987951807228914,0.0855421686746988,0.0012048192771084338,0.8381859478038692,0.5015047545667315,0.6194831659916835,0.08571428571428572,1.7428923355162327
0.0,4.0,202,0.5,738,1.5056636155622403,1.1207760364920696,0.5149051490514905,0.3428184281842818,0.16937669376693767,0.0027100271002710027,0.8520677317525622,0.5443552467236201,0.6731187955088314,0.18548387096774194,1.549704269410819
0.5,0.0,202,0.1,467,2.375404264786186,2.3179746850329166,0.10706638115631692,0.0,0.08565310492505353,0.021413276231263382,0.030909020647330955,0.04598802959145385,0.4029146535618484,0.075,0.9822889383181941
0.5,0.0,202,0.25,450,2.465141759233665,2.328769687240003,0.10222222222222223,0.0,0.08,0.017777777777777778,0.029961508715457993,0.03601907368553398,0.4192057818577527,0.08333333333333333,0.9465310968804869
0.5,0.0,202,0.5,393,2.8226814037026693,2.3362883425047922,0.0916030534351145,0.0,0.058524173027989825,0.010178117048346057,0.023691998738870085,0.0469888837679998,0.49206541304526447,0.08695652173913043,0.8266371579422919
0.5,1.0,202,0.1,496,2.236474964771198,2.2621887993161653,0.18548387096774194,0.028225806451612902,0.1310483870967742,0.02620967741935484,0.37079863541911534,0.07658898888946926,0.3170299508839764,0.12307692307692308,1.0433084966690183
0.5,1.0,202,0.25,478,2.320693687293962,2.284832603507896,0.17573221757322174,0.006276150627615063,0.13179916317991633,0.03556485355648536,0.3569423704415068,0.07552050629660138,0.3288288610754605,0.1111111111111111,1.0054464947737718
0.5,1.0,202,0.5,421,2.634896870609296,2.3286242079522554,0.14014251781472684,0.0023752969121140144,0.09501187648456057,0.023752969121140142,0.30194539545987137,0.07283867578740588,0.37086295477594744,0.1,0.8855501554388241
0.5,1.5,202,0.1,530,2.0929732971729513,2.2090464187417362,0.22264150943396227,0.06792452830188679,0.13018867924528302,0.024528301886792454,0.49666304411740764,0.1380689593516312,0.3096641307467081,0.13043478260869565,1.114841425108024
0.5,1.5,202,0.25,497,2.2319433551341334,2.230336865418356,0.22937625754527163,0.04426559356136821,0.15090543259557343,0.03420523138832998,0.48040399438909254,0.1389274983353437,0.31949943419977994,0.13333333333333333,1.0454267703371471
0.5,1.5,202,0.5,438,2.5325932591362204,2.298143511916699,0.18493150684931506,0.00228310502283105,0.12557077625570776,0.0365296803652968,0.42564011541043484,0.08293789724209104,0.319839884098691,0.09090909090909091,0.921321781504367
0.5,2.0,202,0.1,562,1.9737690689177003,2.1534169757506887,0.26334519572953735,0.09608540925266904,0.1423487544483986,0.02491103202846975,0.5839217548254209,0.1917502945859247,0.3391052686053792,0.1625,1.1821713948596821
0.5,2.0,202,0.25,526,2.1088559253455275,2.1830674290072647,0.2718631178707224,0.07034220532319392,0.16730038022813687,0.034220532319391636,0.5767151947709483,0.20051285871232652,0.34022222566683075,0.20454545454545456,1.1064451133384212
0.5,2.0,202,0.5,465,2.3855015413585967,2.2472849237942403,0.24731182795698925,0.010752688172043012,0.17419354838709677,0.04946236559139785,0.5369541281644606,0.1547180252549931,0.33002707441593576,0.14814814814814814,0.978131136316285
0.5,3.0,202,0.1,652,1.701263282665551,2.026168151098246,0.3328220858895706,0.18865030674846625,0.13190184049079753,0.012269938650306749,0.690964432286793,0.28608170783520215,0.4184752258978741,0.13953488372093023,1.3715298255761161
0.5,3.0,202,0.25,606,1.8304020796995693,2.0811788203259654,0.3465346534653465,0.1551155115511551,0.17326732673267325,0.018151815181518153,0.6926118577188235,0.3075743021079875,0.4370446925054466,0.17142857142857143,1.274765451379028
0.5,3.0,202,0.5,523,2.120886539766614,2.1484666138953914,0.35181644359464626,0.06883365200764818,0.23709369024856597,0.04397705544933078,0.6751931104750611,0.30662156715216127,0.43584929214500595,0.2903225806451613,1.1001688631538478
0.5,4.0,202,0.1,720,1.5405521254186298,1.1899489690783862,0.36666666666666664,0.24583333333333332,0.11527777777777778,0.005555555555555556,0.7499054545992689,0.3538392021193934,0.46718776700737247,0.1686746987951807,1.5146084931720651
0.5,4.0,202,0.25,672,1.650591562948532,1.9863408320038274,0.40029761904761907,0.23065476190476192,0.1636904761904762,0.005952380952380952,0.7587746133452454,0.38750429628063243,0.5107196115846661,0.20909090909090908,1.4136345936272607
0.5,4.0,202,0.5,580,1.912409535002437,2.0897206173352156,0.4189655172413793,0.15,0.25,0.01896551724137931,0.7522417929656909,0.39890610293324064,0.526641716341504,0.2896551724137931,1.2201012861663858
0.0,0.0,203,0.1,466,2.3811333254212754,2.3297285690420657,0.10944206008583691,0.0,0.08583690987124463,0.019313304721030045,0.027283140424590124,0.026637040529675547,0.43773205909316315,0.15384615384615385,0.9799255289161579
0.0,0.0,203,0.25,452,2.4548852425803416,2.3377406515711066,0.11061946902654868,0.0,0.084070796460177,0.017699115044247787,0.031736509192171206,0.022539982794785234,0.45704388730227846,0.16216216216216217,0.9504857061590202
0.0,0.0,203,0.5,416,2.6673272347267174,2.348219164757052,0.09134615384615384,0.0,0.06490384615384616,0.009615384615384616,0.017261833814732952,0.03451584867373093,0.47261071472590416,0.15384615384615385,0.8747833047835231
0.0,1.0,203,0.1,508,2.1845818516697437,2.259196668833634,0.18110236220472442,0.04133858267716536,0.11220472440944881,0.027559055118110236,0.4263349527357306,0.07108230895561331,0.3181820789658019,0.21052631578947367,1.068091512135329
0.0,1.0,203,0.25,484,2.2929082244798136,2.2795339606458356,0.16942148760330578,0.01652892561983471,0.11983471074380166,0.028925619834710745,0.409285410600897,0.05851824390283801,0.3406673357285411,0.2413793103448276,1.0176304958139748
0.0,1.0,203,0.5,446,2.488268118045358,2.31756034554415,0.14349775784753363,0.0,0.10089686098654709,0.026905829596412557,0.37227172170227807,0.0208773545861173,0.35833755247414756,0.24444444444444444,0.9377338866384974
0.0,1.5,203,0.1,561,1.978333657854285,2.17419804819772,0.25846702317290554,0.1051693404634581,0.1354723707664884,0.017825311942959002,0.5671335095537401,0.15500349455762305,0.3180023098104982,0.2236842105263158,1.1794437829380529
0.0,1.5,203,0.25,523,2.1210598594969974,2.20442282697167,0.25239005736137665,0.0745697896749522,0.1491395793499044,0.028680688336520075,0.5645639333732158,0.1727469620047965,0.3262732084505481,0.23376623376623376,1.1000789642432234
0.0,1.5,203,0.5,466,2.3805028036843985,2.261792639637762,0.22317596566523606,0.01072961373390558,0.1609442060085837,0.0407725321888412,0.527368685308552,0.13513953382230337,0.3184253698480933,0.2702702702702703,0.9801850809509409
0.0,2.0,203,0.1,621,1.7872499316592312,2.095128961432853,0.286634460547504,0.15942028985507245,0.11594202898550725,0.011272141706924315,0.658837127200048,0.22395990831675458,0.35519300685911664,0.1388888888888889,1.30554394883492
0.0,2.0,203,0.25,584,1.9004832321239422,2.130583328296117,0.3082191780821918,0.1386986301369863,0.14897260273972604,0.02054794520547945,0.6676153916009208,0.25551730136022094,0.38437802540368665,0.16091954022988506,1.227757916456672
0.0,2.0,203,0.5,511,2.170638363506408,2.1746854566215013,0.30528375733855184,0.05283757338551859,0.2054794520547945,0.043052837573385516,0.64801151938168,0.2469721852414011,0.3918573748132171,0.2980769230769231,1.074952591164984
0.0,3.0,203,0.1,766,1.4489802828026819,1.1302228781965806,0.3433420365535248,0.26631853785900783,0.07441253263707572,0.0026109660574412533,0.7661025487594623,0.3527891833540491,0.4782487742808663,0.17543859649122806,1.6103278705905486
0.0,3.0,203,0.25,709,1.5654709402353375,1.1991496373310246,0.35684062059238364,0.2397743300423131,0.11424541607898449,0.0028208744710860366,0.7791820347923071,0.38210679337942766,0.5171198610327395,0.2345679012345679,1.4904992953638367
0.0,3.0,203,0.5,627,1.7702055767573435,2.053894382252965,0.4003189792663477,0.1850079744816587,0.2025518341307815,0.012759170653907496,0.7868210377537267,0.40957284876853156,0.555556730037959,0.25984251968503935,1.31811432749383
0.0,4.0,203,0.1,876,1.269124109588513,1.0495423283897278,0.4018264840182648,0.341324200913242,0.0593607305936073,0.001141552511415525,0.8297189108805255,0.46785942894530447,0.565361780216538,0.15384615384615385,1.8385383397135742
0.0,4.0,203,0.25,832,1.3350468462923213,1.0618430023030014,0.42427884615384615,0.33653846153846156,0.08413461538461539,0.003605769230769231,0.8422693403487143,0.49790980476284963,0.5993614718646255,0.22857142857142856,1.747753900781417
0.0,4.0,203,0.5,726,1.5299710414810073,1.1439035463856615,0.465564738292011,0.28236914600550966,0.1790633608815427,0.004132231404958678,0.8551751202108746,0.534811944740615,0.658415500178263,0.3230769230769231,1.525083331691477
0.5,0.0,203,0.1,468,2.370655759153802,2.323588282224362,0.10256410256410256,0.002136752136752137,0.08333333333333333,0.01282051282051282,0.029245850111181835,0.015429996024464751,0.4139343639069253,0.18421052631578946,0.9842564970994397
0.5,0.0,203,0.25,449,2.470973040721557,2.340025651799857,0.0935412026726058,0.0,0.0757238307349666,0.008908685968819599,0.024714561533795778,0.021665881256764486,0.42440420122173117,0.18181818181818182,0.9442973658069411
0.5,0.0,203,0.5,387,2.8614844142999467,2.350822068550708,0.08010335917312661,0.0,0.05426356589147287,0.002583979328165375,0.017360492321612638,0.03116045597070858,0.44861510540264476,0.19047619047619047,0.815427587748779
0.5,1.0,203,0.1,498,2.2283193153766954,2.2676639997828714,0.178714859437751,0.03815261044176707,0.11847389558232932,0.02208835341365462,0.35928793679887355,0.03834583942710002,0.2988245059110627,0.23728813559322035,1.0471270060946745
0.5,1.0,203,0.25,473,2.3460951777116157,2.2999668746207305,0.1733615221987315,0.016913319238900635,0.12050739957716702,0.02536997885835095,0.3373990596515471,0.032306713744948735,0.3244487533326985,0.2807017543859649,0.9945603893228536
0.5,1.0,203,0.5,410,2.701422850901555,2.346142836959418,0.10975609756097561,0.0,0.07317073170731707,0.014634146341463415,0.2834368058786324,0.012170042491954478,0.3652829559057063,0.23333333333333334,0.8637423543502721
0.5,1.5,203,0.1,529,2.0978491585509618,2.214062511176603,0.20415879017013233,0.0661625708884688,0.12287334593572778,0.015122873345935728,0.4915928330468185,0.10129612612187752,0.27107090880920337,0.15625,1.1122502892176604
0.5,1.5,203,0.25,493,2.251038955118578,2.2435389047912704,0.20486815415821502,0.028397565922920892,0.15618661257606492,0.018255578093306288,0.4688328398845706,0.08298015955934818,0.2836039952100538,0.2631578947368421,1.0365583980799749
0.5,1.5,203,0.5,433,2.562961212178889,2.3131018433623836,0.15704387990762125,0.0,0.12009237875288684,0.023094688221709007,0.4173647739975727,0.03873639805076181,0.2845150306505633,0.17647058823529413,0.9104052461838318
0.5,2.0,203,0.1,567,1.957315057401237,2.158418367363273,0.2292768959435626,0.09700176366843033,0.12169312169312169,0.010582010582010581,0.5756251323879441,0.15743872078792281,0.30507092999400853,0.17647058823529413,1.1921092235561417
0.5,2.0,203,0.25,526,2.109881440202474,2.1876587049785488,0.24334600760456274,0.06463878326996197,0.15779467680608364,0.019011406844106463,0.564431703700115,0.15338048591052994,0.313918537305566,0.2289156626506024,1.1059073220291544
0.5,2.0,203,0.5,449,2.471709660459914,2.269323946850939,0.21380846325167038,0.004454342984409799,0.15812917594654788,0.031180400890868598,0.5146405978868939,0.10434932780877272,0.3018240301611777,0.2535211267605634,0.944015945990666
0.5,3.0,203,0.1,656,1.6918249892102966,2.0270103664694297,0.29573170731707316,0.18140243902439024,0.10823170731707317,0.006097560975609756,0.6847036644024121,0.2607933751107961,0.3983129702263345,0.1267605633802817,1.3791812676927522
0.5,3.0,203,0.25,600,1.849728654869924,2.1011840231046497,0.30666666666666664,0.15166666666666667,0.14666666666666667,0.008333333333333333,0.6880956712024809,0.28460015174923836,0.411227083178413,0.17045454545454544,1.2614462814262974
0.5,3.0,203,0.5,502,2.210831061597519,2.1686610929994954,0.3187250996015936,0.037848605577689244,0.24701195219123506,0.027888446215139442,0.6614312387361317,0.27313054095434564,0.4222978642292654,0.3064516129032258,1.0554100554600023
0.5,4.0,203,0.1,711,1.5609845210361917,1.1899359026728713,0.34458509142053445,0.2320675105485232,0.10548523206751055,0.007032348804500703,0.7493671964392076,0.3516673430543725,0.4778982353250385,0.12,1.4947831332654418
0.5,4.0,203,0.25,663,1.6739969750478616,1.9937768645767198,0.3514328808446455,0.21116138763197587,0.13273001508295626,0.007541478129713424,0.754833010383214,0.3754062026545612,0.4981021140140061,0.13636363636363635,1.393869504015454
0.5,4.0,203,0.5,558,1.9889964058364378,2.1081091460847903,0.3781362007168459,0.10215053763440861,0.25268817204301075,0.023297491039426525,0.7417631324985281,0.37674713323134384,0.5199712083706081,0.2695035460992908,1.1731209400311062
0.0,0.0,204,0.1,474,2.3449940582572784,2.329614422544817,0.10759493670886076,0.002109704641350211,0.08227848101265822,0.02109704641350211,0.013838060639352567,0.04344171521354447,0.41082387411005067,0.02564102564102564,0.995027396814553
0.0,0.0,204,0.25,465,2.39038104003,2.339894115972507,0.10967741935483871,0.002150537634408602,0.08387096774193549,0.01935483870967742,0.009092847774709117,0.038264494023796475,0.41735717189010324,0.02564102564102564,0.9761344715585805
0.0,0.0,204,0.5,426,2.597292293244828,2.352084126625905,0.1056338028169014,0.0,0.07746478873239436,0.014084507042253521,0.011307905515492342,0.043715055892807914,0.44038226744063064,0.0,0.8983714845656716
0.0,1.0,204,0.1,524,2.12082772857895,2.226550158147762,0.23473282442748092,0.05916030534351145,0.15076335877862596,0.02480916030534351,0.4619292358829464,0.09210681677647393,0.24910282348468724,0.21794871794871795,1.1001993711656968
0.0,1.0,204,0.25,504,2.2049875590781145,2.248543208215639,0.2361111111111111,0.037698412698412696,0.1626984126984127,0.03571428571428571,0.45111149998096267,0.08709033632191132,0.2627069377589822,0.24691358024691357,1.0582070287547924
0.0,1.0,204,0.5,461,2.410658849838112,2.310278923357482,0.22342733188720174,0.006507592190889371,0.1540130151843818,0.04338394793926247,0.4207011460528867,0.06097462468194117,0.2800626546616381,0.2,0.9679234925713477
0.0,1.5,204,0.1,586,1.8973840964155397,2.1324945885064475,0.2696245733788396,0.12286689419795221,0.13310580204778158,0.013651877133105802,0.6134933900313901,0.17486590423546453,0.30708909702069376,0.1794871794871795,1.2297633029292123
0.0,1.5,204,0.25,547,2.031400149250976,2.165245069361791,0.27787934186471663,0.08957952468007313,0.16270566727605118,0.025594149908592323,0.6130695458196851,0.18636496094962043,0.3152282069273564,0.25,1.1486330421870292
0.0,1.5,204,0.5,496,2.2402739549199273,2.218645284292122,0.27419354838709675,0.034274193548387094,0.18951612903225806,0.04435483870967742,0.5897278876366905,0.16308909342533925,0.312940916185942,0.24731182795698925,1.0415392850544176
0.0,2.0,204,0.1,653,1.704386172838799,2.0276014678134096,0.33843797856049007,0.18223583460949463,0.14854517611026033,0.007656967840735069,0.7057621249496409,0.2650481939700334,0.4151246667782545,0.1958762886597938,1.3690168170321222
0.0,2.0,204,0.25,617,1.802111769676154,2.064320786810135,0.34035656401944897,0.16045380875202594,0.1685575364667747,0.011345218800648298,0.7150427431888097,0.28990097644999085,0.43383289375222467,0.20192307692307693,1.2947772566585267
0.0,2.0,204,0.5,545,2.038754356420689,2.1333708914820275,0.3431192660550459,0.07706422018348624,0.23853211009174313,0.025688073394495414,0.7081900374549954,0.2923271965883985,0.4407749106175767,0.3023255813953488,1.1444896860599814
0.0,3.0,204,0.1,794,1.4017419528585886,1.0969942122133522,0.4017632241813602,0.29848866498740556,0.10201511335012595,0.0012594458438287153,0.7979199626065956,0.41066941342389596,0.5480955697563371,0.13580246913580246,1.664595490328972
0.0,3.0,204,0.25,747,1.4899372296783393,1.1412621482040906,0.4190093708165997,0.285140562248996,0.13253012048192772,0.0013386880856760374,0.8145758447859597,0.446443374543805,0.580302578406348,0.1717171717171717,1.5660615003472822
0.0,3.0,204,0.5,674,1.6497557070987927,1.978619475044072,0.45103857566765576,0.2507418397626113,0.18694362017804153,0.013353115727002967,0.8250504154155699,0.48001713255157497,0.6133166974246863,0.24603174603174602,1.414350817695705
0.0,4.0,204,0.1,927,1.200635595616884,1.0326467136038444,0.43042071197411,0.36893203883495146,0.06040992448759439,0.0010787486515641855,0.8355496395544066,0.48650749470723137,0.5802485633232011,0.08928571428571429,1.9434150893506301
0.0,4.0,204,0.25,870,1.2792979277435075,1.0446933771598497,0.4735632183908046,0.3724137931034483,0.09885057471264368,0.0022988505747126436,0.856043316696136,0.5371201961210569,0.6406337311416163,0.18604651162790697,1.8239170741478405
0.0,4.0,204,0.5,791,1.4070659887950079,1.0756028312151458,0.5208596713021492,0.34892541087231355,0.16940581542351454,0.0025284450063211127,0.8717920947087635,0.5808258336223094,0.6912476955334036,0.22388059701492538,1.6582970179895884
0.5,0.0,204,0.1,476,2.3348615136644812,2.324761258149281,0.12815126050420167,0.0021008403361344537,0.10504201680672269,0.02100840336134454,0.01091089717395409,0.027673803746111707,0.36791852452150736,0.04081632653061224,0.9993454942307267
0.5,0.0,204,0.25,458,2.4223071895643655,2.3372727483682816,0.12445414847161572,0.0,0.10043668122270742,0.015283842794759825,0.009506605766274401,0.027193229082043288,0.3659997823784144,0.043478260869565216,0.9632689624939629
0.5,0.0,204,0.5,402,2.7522973829017476,2.350858411384518,0.11691542288557213,0.0,0.08706467661691543,0.007462686567164179,0.008515060842102896,0.015435679166386678,0.40424319033181705,0.05714285714285714,0.8477766057653622
0.5,1.0,204,0.1,511,2.174498697542148,2.2413631030879784,0.21135029354207435,0.03522504892367906,0.14677103718199608,0.029354207436399216,0.41673827776907874,0.07865149879722728,0.2535432355241816,0.14864864864864866,1.073044254278339
0.5,1.0,204,0.25,488,2.276985316483683,2.2654916057158303,0.21106557377049182,0.014344262295081968,0.1598360655737705,0.03483606557377049,0.40066731862587945,0.07255423794732893,0.26187296331636856,0.19480519480519481,1.0247467633812708
0.5,1.0,204,0.5,448,2.473591649271831,2.324155876902469,0.18973214285714285,0.002232142857142857,0.13839285714285715,0.03125,0.36513055619722035,0.04774226481693426,0.275906941716834,0.14754098360655737,0.9432977080191123
0.5,1.5,204,0.1,558,1.994777721763521,2.1596453392959836,0.25985663082437277,0.08602150537634409,0.16129032258064516,0.012544802867383513,0.5471734269084492,0.1557587829002606,0.26375313581672033,0.24719101123595505,1.169720970851081
0.5,1.5,204,0.25,521,2.132691792427085,2.194499005816677,0.2667946257197697,0.05182341650671785,0.18618042226487524,0.028790786948176585,0.5376343937914904,0.16235447289994812,0.27021352896162415,0.2604166666666667,1.0940790139572443
0.5,1.5,204,0.5,470,2.3641115401159825,2.254332998761045,0.2680851063829787,0.00851063829787234,0.2,0.03829787234042553,0.503921370446139,0.1333575647891221,0.26353109433491534,0.26881720430107525,0.9869810682531762
0.5,2.0,204,0.1,615,1.809906154734962,2.0747673718205877,0.3024390243902439,0.12845528455284552,0.16747967479674797,0.0065040650406504065,0.6410006597058137,0.21061656238790818,0.3370426021199289,0.2647058823529412,1.2892012810879805
0.5,2.0,204,0.25,569,1.9562254572267164,2.1278975726969795,0.31282952548330406,0.10193321616871705,0.19507908611599298,0.015817223198594025,0.6416235899250577,0.22925470054727437,0.34685989425134883,0.3090909090909091,1.1927732177870907
0.5,2.0,204,0.5,500,2.222229615721174,2.182643959851201,0.316,0.028,0.242,0.04,0.6162881520700265,0.20843439322630797,0.3447821100195429,0.3416666666666667,1.049996506583368
0.5,3.0,204,0.1,715,1.5567817665801769,1.2071530800148447,0.35804195804195804,0.213986013986014,0.13986013986013987,0.004195804195804196,0.7443156846824427,0.3290867055001696,0.4731729349389922,0.20202020202020202,1.4988185135666299
0.5,3.0,204,0.25,670,1.6613417359773532,1.9809164333022011,0.36716417910447763,0.18358208955223881,0.1761194029850746,0.007462686567164179,0.7528793967103089,0.35192358532538337,0.492482198565149,0.2222222222222222,1.4044872784470517
0.5,3.0,204,0.5,573,1.9425810874429785,2.088053214682601,0.39267015706806285,0.1082024432809773,0.2547993019197208,0.029668411867364748,0.7493069744383318,0.36655188657126686,0.5022433036010869,0.3103448275862069,1.2011510605226279
0.5,4.0,204,0.1,793,1.4036612309582461,1.0995432980097561,0.41866330390920553,0.29129886506935687,0.12610340479192939,0.0012610340479192938,0.7922200497370295,0.4018191932310471,0.5301680300132664,0.26262626262626265,1.6623194271315895
0.5,4.0,204,0.25,750,1.4841378081998522,1.1378261553484124,0.444,0.2826666666666667,0.15866666666666668,0.0026666666666666666,0.8027203836134146,0.4286032206983485,0.5564454416110258,0.2796610169491525,1.5721810470979725
0.5,4.0,204,0.5,663,1.6788889233030002,1.9874208496690657,0.46003016591251883,0.22926093514328807,0.2171945701357466,0.013574660633484163,0.8135184627112353,0.4655445869509307,0.5906847202494904,0.2867132867132867,1.3898080456346076
0.0,0.0,205,0.1,462,2.406578793018531,2.3566595631362492,0.1341991341991342,0.006493506493506494,0.09307359307359307,0.030303030303030304,0.04780429553757423,0.04312279960928579,0.41078932165763105,0.09302325581395349,0.9695644871891655
0.0,0.0,205,0.25,454,2.4489854677853775,2.3637872184257622,0.12334801762114538,0.0022026431718061676,0.0881057268722467,0.028634361233480177,0.04344707738762183,0.04793215023953224,0.41782241993432867,0.075,0.9527754917400025
0.0,0.0,205,0.5,412,2.6986393261518478,2.3794475788173237,0.0970873786407767,0.0,0.055825242718446605,0.024271844660194174,0.02823413244774624,0.046247550738990756,0.46516177525233754,0.0,0.8646332656318965
0.0,1.0,205,0.1,513,2.167304003160562,2.254152302310562,0.1442495126705653,0.03313840155945419,0.08576998050682261,0.023391812865497075,0.4215635835662959,0.0847878855257249,0.26652687113712487,0.09090909090909091,1.0766063874429486
0.0,1.0,205,0.25,490,2.2690345992272825,2.286252840479321,0.1510204081632653,0.022448979591836733,0.09387755102040816,0.030612244897959183,0.4120311177582972,0.09467958005194997,0.2709169326455622,0.10869565217391304,1.0283374850819587
0.0,1.0,205,0.5,456,2.4382170035556325,2.3264417737255245,0.14912280701754385,0.008771929824561403,0.09868421052631579,0.03508771929824561,0.384320195646227,0.07586004778433131,0.3000338231518425,0.13333333333333333,0.9569834555048432
0.0,1.5,205,0.1,567,1.9609401941528168,2.1561075338176594,0.2345679012345679,0.08465608465608465,0.11992945326278659,0.026455026455026454,0.5730874498993433,0.16929695375609707,0.28565661117172025,0.16176470588235295,1.1899054036889691
0.0,1.5,205,0.25,529,2.1018016825796733,2.1882675583995197,0.23251417769376181,0.06805293005671077,0.1285444234404537,0.034026465028355386,0.5763618313251482,0.19564232519466648,0.2850915239831746,0.14705882352941177,1.110158657057257
0.0,1.5,205,0.5,478,2.3260524897168353,2.257118203580482,0.2217573221757322,0.027196652719665274,0.13389121338912133,0.05439330543933055,0.5497309068108122,0.17628958138836065,0.27342419016604036,0.203125,1.003130128683117
0.0,2.0,205,0.1,649,1.7132164614191945,2.0381341983429504,0.2850539291217257,0.1510015408320493,0.12172573189522343,0.012326656394453005,0.6652318300006292,0.2278853810886584,0.35721090656824617,0.17721518987341772,1.3619606079435207
0.0,2.0,205,0.25,599,1.8562228438414978,2.1001505343444484,0.3038397328881469,0.1318864774624374,0.14357262103505844,0.02671118530884808,0.6780797335908676,0.2709087365734436,0.3933116258840779,0.20930232558139536,1.2570329802128952
0.0,2.0,205,0.5,521,2.134121849253469,2.164224847979965,0.30518234165067176,0.07293666026871401,0.18234165067178504,0.046065259117082535,0.6689424574641674,0.2812990704823179,0.38055668198768805,0.2631578947368421,1.0933458809531191
0.0,3.0,205,0.1,798,1.3933713832476202,1.098555278806188,0.3634085213032581,0.2769423558897243,0.08521303258145363,0.0012531328320802004,0.7788171774767008,0.37750324844792077,0.48823185614225073,0.1323529411764706,1.6745954175511222
0.0,3.0,205,0.25,759,1.4649675412801066,1.1395854942379224,0.37681159420289856,0.2621870882740448,0.11198945981554677,0.002635046113306983,0.7886481409662902,0.4015863964218854,0.5130495562655717,0.16470588235294117,1.5927542881219319
0.0,3.0,205,0.5,648,1.7159110552956809,2.022209533596013,0.41512345679012347,0.19290123456790123,0.20833333333333334,0.013888888888888888,0.8033658996702727,0.45062518341571084,0.5709164878490948,0.2740740740740741,1.3598218428234676
0.0,4.0,205,0.1,927,1.200367621963487,1.0367971237238724,0.3861920172599784,0.33980582524271846,0.04638619201725998,0.0,0.8263877417074241,0.47078605209313434,0.5671415894445864,0.11627906976744186,1.943848943140112
0.0,4.0,205,0.25,882,1.2606917181367507,1.048119193811115,0.41156462585034015,0.3435374149659864,0.06802721088435375,0.0,0.8446453876098678,0.5112204538821292,0.6037586348737075,0.15,1.8508357751266118
0.0,4.0,205,0.5,793,1.4021817092012792,1.0904589534663425,0.45775535939470363,0.3114754098360656,0.14627994955863807,0.0,0.8576965952696181,0.5480489535957881,0.6510573961025511,0.22413793103448276,1.6640734350061261
0.5,0.0,205,0.1,466,2.386213115918151,2.3471942812185054,0.11802575107296137,0.004291845493562232,0.09227467811158799,0.015021459227467811,0.03156082448082885,0.05267672736977795,0.3800138934131403,0.11627906976744186,0.9778394552305228
0.5,0.0,205,0.25,451,2.4655771885096645,2.365440112323887,0.09977827050997783,0.0,0.082039911308204,0.013303769401330377,0.017428570347589926,0.05646866524086396,0.4108500421475104,0.08108108108108109,0.9463639362853343
0.5,0.0,205,0.5,402,2.7661077413379562,2.380807206453574,0.09203980099502487,0.0,0.05721393034825871,0.009950248756218905,0.007675771425015847,0.043309582201658356,0.44520716416587136,0.0,0.8435439077310519
0.5,1.0,205,0.1,498,2.232803351266182,2.28516591254171,0.15261044176706828,0.0321285140562249,0.10040160642570281,0.020080321285140562,0.36186476933757195,0.0943147811638387,0.253514173443712,0.1,1.0450241092705916
0.5,1.0,205,0.25,470,2.3658214232565076,2.320536350337222,0.14893617021276595,0.00851063829787234,0.10212765957446808,0.031914893617021274,0.3369457968791606,0.08127259191452282,0.2733514160183959,0.10416666666666667,0.9862677336489518
0.5,1.0,205,0.5,434,2.562064674955204,2.3558870207809717,0.1382488479262673,0.0,0.08525345622119816,0.027649769585253458,0.3006346791629157,0.06229733946968741,0.31720511685750585,0.10810810810810811,0.9107238221354151
0.5,1.5,205,0.1,540,2.059121077692439,2.200232293097356,0.19814814814814816,0.07407407407407407,0.1111111111111111,0.012962962962962963,0.49527687559882516,0.12330712796791977,0.23515299231463563,0.11666666666666667,1.1331695637578494
0.5,1.5,205,0.25,499,2.2283073786651646,2.2566408785440877,0.21042084168336672,0.056112224448897796,0.12024048096192384,0.03206412825651302,0.48517951776773316,0.13482481220989626,0.2352639214385646,0.15,1.047132615398457
0.5,1.5,205,0.5,456,2.438432855162099,2.3036691638912172,0.16447368421052633,0.0043859649122807015,0.1162280701754386,0.041666666666666664,0.4465253251016085,0.09365120020302282,0.24097606939918345,0.1509433962264151,0.9568987427288506
0.5,2.0,205,0.1,592,1.8782477865915608,2.118850240016391,0.2516891891891892,0.11317567567567567,0.1266891891891892,0.011824324324324325,0.5912921080123491,0.1792277847768748,0.28570921665345395,0.18666666666666668,1.2422926037717377
0.5,2.0,205,0.25,539,2.0629363444567796,2.1820203276107755,0.2560296846011132,0.08905380333951762,0.14285714285714285,0.02411873840445269,0.5904136890613315,0.20650556007265125,0.29690415052135843,0.19480519480519481,1.1310738402583895
0.5,2.0,205,0.5,471,2.3607700417456563,2.2571376005153168,0.23991507430997877,0.016985138004246284,0.16348195329087048,0.05307855626326964,0.5529147519793639,0.17708413177477486,0.273609687801775,0.23376623376623376,0.9883780682035278
0.5,3.0,205,0.1,693,1.6045227932933814,1.2707596605890175,0.3189033189033189,0.20057720057720058,0.113997113997114,0.004329004329004329,0.7023158498030576,0.28746459002866165,0.3940974286522444,0.20253164556962025,1.454222615650117
0.5,3.0,205,0.25,639,1.7401162687829634,2.0323348894757185,0.3364632237871675,0.17370892018779344,0.15179968701095461,0.010954616588419406,0.7086872409334708,0.3126575683009249,0.430763722305738,0.20618556701030927,1.3409065676773806
0.5,3.0,205,0.5,535,2.078381861219278,2.1451523315480503,0.34579439252336447,0.08971962616822429,0.2205607476635514,0.03551401869158879,0.6984854094863587,0.331382344600571,0.4416571654322993,0.2796610169491525,1.1226682530632217
0.5,4.0,205,0.1,775,1.4356704930557207,1.1216177407354841,0.35870967741935483,0.25806451612903225,0.09935483870967741,0.0012903225806451613,0.7575414712803462,0.3515948150041245,0.47517512400295986,0.22077922077922077,1.625256871001787
0.5,4.0,205,0.25,719,1.546522185575475,1.1809316179324647,0.3796940194714882,0.2517385257301808,0.12378303198887343,0.004172461752433936,0.7703233632776239,0.3886248917432133,0.5072812010225757,0.2696629213483146,1.5087616298663566
0.5,4.0,205,0.5,608,1.8288642293236286,2.064238150850817,0.4128289473684211,0.15789473684210525,0.24013157894736842,0.014802631578947368,0.7677001970512963,0.40098758816869545,0.5363111850629558,0.3150684931506849,1.275837372682538
0.0,0.0,206,0.1,469,2.3737382139942547,2.3364566422992414,0.08102345415778252,0.0,0.06823027718550106,0.010660980810234541,0.013843891354094293,0.029303974966186908,0.5128807580920595,0.09375,0.9829783754490213
0.0,0.0,206,0.25,456,2.4414105753581254,2.340387745566197,0.08333333333333333,0.0,0.06578947368421052,0.010964912280701754,0.01920395369567028,0.03090939849813562,0.5216335927834248,0.1,0.9557316400954237
0.0,0.0,206,0.5,427,2.6072206612723776,2.3523544152603324,0.07728337236533958,0.0,0.053864168618266976,0.00702576112412178,0.024577164521980232,0.030623722606009672,0.5302430961883431,0.043478260869565216,0.894950461229706
0.0,1.0,206,0.1,501,2.2223220953770415,2.2686596979229123,0.16966067864271456,0.031936127744510975,0.12375249500998003,0.011976047904191617,0.4066301981258783,0.0753005406772871,0.3326917547498212,0.1774193548387097,1.049952812055112
0.0,1.0,206,0.25,484,2.300378863189872,2.286896263566337,0.16322314049586778,0.01859504132231405,0.12396694214876033,0.014462809917355372,0.3940339306693177,0.06822210842496543,0.3469121871709161,0.18333333333333332,1.0143256707278925
0.0,1.0,206,0.5,448,2.485230736124772,2.322828017519319,0.15401785714285715,0.0,0.11383928571428571,0.015625,0.36426831957887756,0.04659399152534813,0.37377156556390884,0.19607843137254902,0.9388799596820163
0.0,1.5,206,0.1,542,2.0543203521659956,2.188592657250215,0.23800738007380073,0.08302583025830258,0.14760147601476015,0.007380073800738007,0.5477905145087965,0.14749737166356616,0.3060307837517427,0.225,1.135817659048725
0.0,1.5,206,0.25,511,2.178946440066477,2.2104866233531615,0.22504892367906065,0.04892367906066536,0.15851272015655576,0.015655577299412915,0.5421737507167942,0.1566472835985823,0.30846041797755175,0.24691358024691357,1.0708539184020267
0.0,1.5,206,0.5,473,2.353999219606701,2.2513246691962783,0.20718816067653276,0.012684989429175475,0.16279069767441862,0.019027484143763214,0.5177728371837457,0.13038812348015824,0.3121685274643067,0.24675324675324675,0.9912209459963967
0.0,2.0,206,0.1,604,1.8435397495364432,2.109843797905971,0.26490066225165565,0.1390728476821192,0.12251655629139073,0.0033112582781456954,0.6454371658030837,0.22607055386544456,0.357768008000967,0.16216216216216217,1.2656810540266619
0.0,2.0,206,0.25,568,1.9603838181690347,2.133315837608433,0.2711267605633803,0.10915492957746478,0.15492957746478872,0.007042253521126761,0.6416619888911504,0.2287569846520777,0.35830750188666605,0.22727272727272727,1.1902431104091786
0.0,2.0,206,0.5,504,2.209321445873039,2.1862690957090916,0.251984126984127,0.041666666666666664,0.19246031746031747,0.013888888888888888,0.6243078721229239,0.2193267799935694,0.3584140680698092,0.27835051546391754,1.056131210644764
0.0,3.0,206,0.1,742,1.5007957667972773,1.1659375458059937,0.3490566037735849,0.24663072776280323,0.09973045822102426,0.0026954177897574125,0.7573337058550637,0.33095026938096056,0.468481597495908,0.14864864864864866,1.554730753480672
0.0,3.0,206,0.25,699,1.5931193976589124,1.246727275782659,0.37339055793991416,0.23605150214592274,0.13447782546494993,0.002861230329041488,0.7712371824020493,0.36250070682170654,0.5116163978638615,0.1702127659574468,1.4646318014595547
0.0,3.0,206,0.5,606,1.8376080180917154,2.0741045859840286,0.3910891089108911,0.14356435643564355,0.23597359735973597,0.01155115511551155,0.7736333697148885,0.3744402323917513,0.5385279325890238,0.3006993006993007,1.269766626158069
0.0,4.0,206,0.1,867,1.2844954282429701,1.0593797711897321,0.3933102652825836,0.3217993079584775,0.07035755478662054,0.0011534025374855825,0.8102146566716371,0.42134530803959735,0.537498305994828,0.16393442622950818,1.816536892252737
0.0,4.0,206,0.25,811,1.3731905502918067,1.0852010351135972,0.44266337854500615,0.3279901356350185,0.11344019728729964,0.0012330456226880395,0.831322627724432,0.4718268308550681,0.600939444170702,0.15217391304347827,1.69920578963895
0.0,4.0,206,0.5,722,1.542461961615866,1.171233876835652,0.5055401662049861,0.29362880886426596,0.21052631578947367,0.0013850415512465374,0.845758799357944,0.5112758781923936,0.6562417448248417,0.2236842105263158,1.5127331444134673
0.5,0.0,206,0.1,468,2.3789761245934335,2.322448624213651,0.0876068376068376,0.002136752136752137,0.07478632478632478,0.008547008547008548,0.04130132233260953,0.06274814217667588,0.45697235118595675,0.02857142857142857,0.9808141028452313
0.5,0.0,206,0.25,447,2.4907401036011785,2.3377860540390913,0.07606263982102908,0.0,0.06263982102908278,0.006711409395973154,0.03971562046748767,0.058662797504123856,0.47886262268493734,0.0,0.9368032136149965
0.5,0.0,206,0.5,394,2.8257888992632663,2.358772794744225,0.07106598984771574,0.0,0.04568527918781726,0.007614213197969543,0.024877900615819317,0.06300307577317067,0.48317003596110936,0.0,0.825728112224404
0.5,1.0,206,0.1,487,2.286334426852815,2.2856929506850125,0.15811088295687886,0.022587268993839837,0.12525667351129363,0.01026694045174538,0.338466223670289,0.08629037555247128,0.31786762846311883,0.22950819672131148,1.0205564443803674
0.5,1.0,206,0.25,467,2.384250248131308,2.311601580021408,0.16274089935760172,0.008565310492505354,0.13062098501070663,0.010706638115631691,0.31762093964691973,0.07478325808902618,0.3363012539586251,0.2459016393442623,0.9786444754119745
0.5,1.0,206,0.5,412,2.7025360822265068,2.353628453684699,0.11165048543689321,0.0,0.09466019417475728,0.0048543689320388345,0.2595619232932895,0.037196007393091195,0.3818804532909089,0.10256410256410256,0.863386560748894
0.5,1.5,206,0.1,519,2.1454369035615177,2.222377024975089,0.2119460500963391,0.06936416184971098,0.13680154142581888,0.005780346820809248,0.4607639697235161,0.1410037464514901,0.28947782253451887,0.2112676056338028,1.0875795645445918
0.5,1.5,206,0.25,486,2.29111471800088,2.266279344272024,0.19958847736625515,0.02263374485596708,0.15843621399176955,0.018518518518518517,0.43815295626532214,0.12142107129488527,0.2976220674012413,0.2077922077922078,1.018427106683375
0.5,1.5,206,0.5,433,2.5715513924905955,2.3236538304209065,0.16166281755196305,0.0,0.12933025404157045,0.011547344110854504,0.3872165974893777,0.07331987762108465,0.3222849331889337,0.17857142857142858,0.9073640683002087
0.5,2.0,206,0.1,555,2.006328952741954,2.172481052815099,0.27207207207207207,0.10810810810810811,0.15315315315315314,0.010810810810810811,0.5459895398359474,0.19493703311894725,0.3150075397031969,0.24705882352941178,1.1629864236093876
0.5,2.0,206,0.25,509,2.187647482852229,2.2199911058965918,0.25736738703339884,0.047151277013752456,0.18664047151277013,0.023575638506876228,0.5278494135097411,0.18263467992507257,0.3062798395813896,0.2631578947368421,1.066594756066988
0.5,2.0,206,0.5,454,2.4526708563255166,2.2856893338243407,0.22026431718061673,0.004405286343612335,0.18061674008810572,0.015418502202643172,0.4856323045533548,0.13312981997842377,0.30254532026798453,0.25609756097560976,0.9513438492228143
0.5,3.0,206,0.1,634,1.7564068855126573,2.064376426882477,0.31703470031545744,0.1719242902208202,0.14195583596214512,0.0031545741324921135,0.65909387013912,0.278797994997043,0.37393005961884646,0.16666666666666666,1.32846970287997
0.5,3.0,206,0.25,586,1.900276391493216,2.109602943823265,0.31399317406143346,0.12798634812286688,0.17918088737201365,0.006825938566552901,0.651582016352976,0.2794211174671828,0.38113849490816304,0.21904761904761905,1.2278915550278586
0.5,3.0,206,0.5,501,2.222678573682684,2.181607713086704,0.2954091816367265,0.031936127744510975,0.2315369261477046,0.023952095808383235,0.6205025481001353,0.2539761403940237,0.37641509506481363,0.27586206896551724,1.0497844182064116
0.5,4.0,206,0.1,707,1.5751042748527362,1.2315399330166272,0.3437057991513437,0.22772277227722773,0.11456859971711457,0.0014144271570014145,0.7178678569683765,0.31843855255847886,0.4170652177868897,0.19753086419753085,1.4813834046329966
0.5,4.0,206,0.25,654,1.7027503399401902,2.028701045192154,0.3746177370030581,0.20948012232415902,0.1620795107033639,0.0030581039755351682,0.7249400006427694,0.348502116216912,0.4588865248259443,0.20754716981132076,1.3703320320084578
0.5,4.0,206,0.5,555,2.006484184361954,2.1053512067504796,0.4018018018018018,0.0990990990990991,0.2810810810810811,0.021621621621621623,0.709729469375344,0.34779413791286873,0.48347952653289905,0.2948717948717949,1.1628964491814895
0.0,0.0,207,0.1,474,2.341315018496072,2.322342235315925,0.10126582278481013,0.0,0.08438818565400844,0.012658227848101266,0.04196673095895355,0.01163617952123679,0.4738160247754609,0.15,0.9965909392372733
0.0,0.0,207,0.25,468,2.3713318777075596,2.327321213973904,0.09615384615384616,0.0,0.08333333333333333,0.008547008547008548,0.04128391693086402,0.006908058098914459,0.48547241356266346,0.15384615384615385,0.9839758640570546
0.0,0.0,207,0.5,435,2.53923868809982,2.348711040143408,0.0896551724137931,0.0,0.07586206896551724,0.004597701149425287,0.04422773449647486,0.025851796353379735,0.5407478056234585,0.15151515151515152,0.9189105948442482
0.0,1.0,207,0.1,501,2.2153310962755963,2.2619792796477833,0.1656686626746507,0.031936127744510975,0.11177644710578842,0.021956087824351298,0.41745262632726904,0.08578892122150855,0.30409417928409815,0.125,1.0532661854727368
0.0,1.0,207,0.25,485,2.288414183987781,2.2782644319499084,0.15463917525773196,0.01443298969072165,0.11752577319587629,0.02268041237113402,0.40553320059555625,0.07621764904488272,0.30720141998381234,0.15789473684210525,1.0196289420245055
0.0,1.0,207,0.5,456,2.4339492965659515,2.306267376038197,0.1600877192982456,0.0,0.1206140350877193,0.021929824561403508,0.39087151299460515,0.06463218783341226,0.33340939285401605,0.2,0.9586614382745866
0.0,1.5,207,0.1,551,2.018227962201973,2.1742485328603025,0.23411978221415608,0.07985480943738657,0.1397459165154265,0.014519056261343012,0.5634527857717663,0.14008178650375733,0.2910675974250773,0.2077922077922078,1.1561297222279918
0.0,1.5,207,0.25,511,2.1720225839735274,2.209821066442849,0.22113502935420742,0.05283757338551859,0.14481409001956946,0.023483365949119372,0.5601492383760405,0.15408655272232347,0.28234371475257813,0.21621621621621623,1.0742675285929586
0.0,1.5,207,0.5,474,2.341568650655005,2.2477876378435786,0.2088607594936709,0.008438818565400843,0.16877637130801687,0.027426160337552744,0.5389739656732168,0.13110472677591356,0.2818361577276415,0.2875,0.9964829912975781
0.0,2.0,207,0.1,611,1.8200110000843295,2.0961126255451563,0.2733224222585925,0.1309328968903437,0.1309328968903437,0.011456628477905073,0.6620383175763634,0.21948106405679013,0.3491033564037207,0.15,1.2820435333771165
0.0,2.0,207,0.25,569,1.9506487130782035,2.1286691598980325,0.2759226713532513,0.10017574692442882,0.1616871704745167,0.014059753954305799,0.6672589753257429,0.2390965377550138,0.36818482500281113,0.18478260869565216,1.1961832582614211
0.0,2.0,207,0.5,504,2.202220471709321,2.1793950338361916,0.26785714285714285,0.03968253968253968,0.1984126984126984,0.027777777777777776,0.650970552505927,0.2266331570573998,0.3734217564141482,0.21,1.0595366646111708
0.0,3.0,207,0.1,747,1.4899874317706079,1.1435649512915917,0.3654618473895582,0.26104417670682734,0.09906291834002677,0.00535475234270415,0.7751576513690422,0.36688542825142373,0.5067007357252643,0.08108108108108109,1.5660087350941918
0.0,3.0,207,0.25,701,1.5877612147398632,1.2268347018121657,0.37089871611982883,0.23109843081312412,0.1326676176890157,0.007132667617689016,0.7849264530413013,0.38858383028213395,0.5251024716188604,0.11827956989247312,1.469574462250373
0.0,3.0,207,0.5,617,1.800407639192964,2.065340543115702,0.3841166936790924,0.1539708265802269,0.2188006482982172,0.011345218800648298,0.7882477652404214,0.40741528588381354,0.5477232241973277,0.18518518518518517,1.2960027954442885
0.0,4.0,207,0.1,899,1.2380619109933522,1.0474639112354074,0.3870967741935484,0.3236929922135706,0.06340378197997776,0.0,0.8085717280404038,0.4230419162797487,0.525122414484935,0.10526315789473684,1.8846661161405056
0.0,4.0,207,0.25,846,1.3156237091997915,1.063263117144553,0.4243498817966903,0.32860520094562645,0.0933806146572104,0.002364066193853428,0.8279786274748181,0.4702501125609706,0.5823711002048999,0.1518987341772152,1.7735567678029676
0.0,4.0,207,0.5,753,1.4781110995790485,1.1337798374215073,0.45152722443559096,0.2695883134130146,0.17928286852589642,0.0026560424966799467,0.8413062336106081,0.5036841893289488,0.6302036361391186,0.24444444444444444,1.5785913075125704
0.5,0.0,207,0.1,478,2.3215772077619508,2.3232259264265585,0.13179916317991633,0.0020920502092050207,0.11506276150627615,0.014644351464435146,0.03180371173097442,0.033432758638706095,0.40840578449754444,0.12727272727272726,1.0050638529410425
0.5,0.0,207,0.25,468,2.3711835583551544,2.3320438601324796,0.12393162393162394,0.0,0.1111111111111111,0.01282051282051282,0.03023945532589244,0.02812035115424795,0.4037925968285823,0.1346153846153846,0.9840374125029454
0.5,0.0,207,0.5,425,2.5990041172442226,2.348845343798383,0.11764705882352941,0.0,0.09647058823529411,0.011764705882352941,0.027455456526060313,0.023130745838027482,0.45078070653873153,0.14634146341463414,0.8977797756655401
0.5,1.0,207,0.1,491,2.260395217110686,2.274321065691888,0.17922606924643583,0.016293279022403257,0.15071283095723015,0.012219959266802444,0.34775869538443693,0.06334421221200207,0.29034201228517253,0.17567567567567569,1.0322678599169395
0.5,1.0,207,0.25,479,2.317023072236632,2.288412047781381,0.1732776617954071,0.0041753653444676405,0.15031315240083507,0.018789144050104383,0.33544422124043116,0.05305134231407466,0.29996556994951923,0.19444444444444445,1.0070393175157106
0.5,1.0,207,0.5,443,2.4937525358111383,2.3169626131756718,0.1489841986455982,0.0,0.12415349887133183,0.011286681715575621,0.3114209382816124,0.03802270477977937,0.32530406537840556,0.14545454545454545,0.9356715631667014
0.5,1.5,207,0.1,515,2.1551286292533764,2.218477805819446,0.22330097087378642,0.05436893203883495,0.15922330097087378,0.009708737864077669,0.4753018752371718,0.11634491256625455,0.2778175754759719,0.15853658536585366,1.0826886625981553
0.5,1.5,207,0.25,489,2.2697162455326967,2.243728277764196,0.2167689161554192,0.02044989775051125,0.17995910020449898,0.016359918200409,0.4584326861016845,0.10530831983551031,0.283750871003282,0.22727272727272727,1.0280286524475688
0.5,1.5,207,0.5,457,2.4286460482833454,2.2863314879965158,0.18818380743982493,0.0,0.1487964989059081,0.02188183807439825,0.43185435679485096,0.07579581712239697,0.27931172195883786,0.19117647058823528,0.9607547938006932
0.5,2.0,207,0.1,544,2.040289519639674,2.1549999328390133,0.26286764705882354,0.08823529411764706,0.1636029411764706,0.011029411764705883,0.5655277477339989,0.16689953584485595,0.31824621236625883,0.16853932584269662,1.1436285443182654
0.5,2.0,207,0.25,514,2.1593725655330402,2.1850612089181283,0.26653696498054474,0.05252918287937743,0.19649805447470817,0.017509727626459144,0.555574057080192,0.16430824749942302,0.3260182252262135,0.18811881188118812,1.0805607937124788
0.5,2.0,207,0.5,471,2.3565127360594116,2.233333710413035,0.23142250530785563,0.006369426751592357,0.18471337579617833,0.027600849256900213,0.5270057277971063,0.12907994154414557,0.3049704891112257,0.21839080459770116,0.9901636845108511
0.5,3.0,207,0.1,626,1.7780431896510795,2.067042137117515,0.31789137380191695,0.14696485623003194,0.1645367412140575,0.006389776357827476,0.6776183029606692,0.2471668747978329,0.39693493198165103,0.1553398058252427,1.3123040806400343
0.5,3.0,207,0.25,583,1.9038608831748522,2.0990958846098415,0.34133790737564323,0.11492281303602059,0.2195540308747856,0.00686106346483705,0.6792387550710838,0.2590357914149576,0.42784026076680504,0.2109375,1.22557974374803
0.5,3.0,207,0.5,513,2.163646968598321,2.137433225007707,0.35477582846003897,0.037037037037037035,0.29239766081871343,0.021442495126705652,0.6625451064046886,0.2466318770064745,0.43680793267781803,0.32666666666666666,1.0784260866942357
0.5,4.0,207,0.1,725,1.535209346664507,1.2299644846545617,0.3310344827586207,0.1917241379310345,0.13655172413793104,0.002758620689655172,0.7285391263939268,0.29454553362360064,0.4253301336251519,0.16161616161616163,1.5198795775982483
0.5,4.0,207,0.25,661,1.6838529142689371,2.0207752791277005,0.3630862329803328,0.16792738275340394,0.18608169440242056,0.009077155824508321,0.7401534135244513,0.3271667626889583,0.47043428361286393,0.2032520325203252,1.3857108976447479
0.5,4.0,207,0.5,567,1.9591140659786013,2.0872320312109793,0.4021164021164021,0.08465608465608465,0.2998236331569665,0.01763668430335097,0.7371530096522733,0.33935290400059387,0.49737544084161067,0.3352941176470588,1.1910145375674208
0.0,0.0,208,0.1,463,2.403209226592165,2.332160585809167,0.11231101511879049,0.0,0.08423326133909287,0.017278617710583154,0.028419777997577073,0.03552563370440443,0.4648053461161173,0.02564102564102564,0.9709239243567992
0.0,0.0,208,0.25,451,2.467152709339629,2.3387996258939783,0.10421286031042129,0.0,0.07538802660753881,0.013303769401330377,0.026934013273187386,0.036463679538751716,0.47023397629335423,0.029411764705882353,0.9457595893842689
0.0,0.0,208,0.5,413,2.68886453178132,2.3480511333557397,0.08958837772397095,0.0,0.06053268765133172,0.009685230024213076,0.014889212463309888,0.030202776552399353,0.47488482361548373,0.04,0.8677764557322439
0.0,1.0,208,0.1,520,2.140183959488453,2.23991146867749,0.22884615384615384,0.07692307692307693,0.13653846153846153,0.013461538461538462,0.42656917794213806,0.12854477423000438,0.30589481960513726,0.16901408450704225,1.090248958734859
0.0,1.0,208,0.25,486,2.2899087632386737,2.280590491286919,0.19753086419753085,0.030864197530864196,0.13580246913580246,0.024691358024691357,0.3998743567707776,0.11489158470593415,0.3093737502739678,0.12121212121212122,1.018963449894503
0.0,1.0,208,0.5,445,2.50088912119999,2.309684144535118,0.16404494382022472,0.0022471910112359553,0.12359550561797752,0.01348314606741573,0.35477635571503213,0.07438809801121374,0.34115630351573534,0.14545454545454545,0.9330015127634852
0.0,1.5,208,0.1,586,1.8991921503084055,2.1533543903106955,0.2781569965870307,0.15017064846416384,0.11433447098976109,0.013651877133105802,0.5690185846559633,0.18312734040140416,0.3435884670707306,0.16417910447761194,1.2285925533940463
0.0,1.5,208,0.25,533,2.0880424016523933,2.1983294063737233,0.2682926829268293,0.09568480300187618,0.14821763602251406,0.0225140712945591,0.5588575195047775,0.19938017910816883,0.34072514877725346,0.17721518987341772,1.1174741142645506
0.0,1.5,208,0.5,479,2.3218173139025167,2.2513270303411366,0.22964509394572025,0.027139874739039668,0.1544885177453027,0.03549060542797495,0.5217242996974113,0.15993452548074477,0.32684476210068175,0.16216216216216217,1.0049599162526102
0.0,2.0,208,0.1,647,1.7201620925915726,2.049081085472872,0.312210200927357,0.18547140649149924,0.1205564142194745,0.0061823802163833074,0.6612818862414311,0.2456940515201737,0.40041105286600537,0.16666666666666666,1.3564613145369142
0.0,2.0,208,0.25,607,1.8335170904559266,2.1012321339127906,0.3163097199341021,0.171334431630972,0.13179571663920922,0.013179571663920923,0.667507872649793,0.27191191657564673,0.41111594236909943,0.2,1.2725997185840912
0.0,2.0,208,0.5,517,2.152698015293515,2.179243753147224,0.2940038684719536,0.06576402321083172,0.19342359767891681,0.03288201160541586,0.6467678616059376,0.26435813904677447,0.4025983426579066,0.22,1.083911127690239
0.0,3.0,208,0.1,769,1.447287192183996,1.1214622382722106,0.37451235370611186,0.28218465539661897,0.08842652795838751,0.0039011703511053317,0.7693821671340939,0.3776456978519295,0.4980569913758721,0.1323529411764706,1.6122116922849772
0.0,3.0,208,0.25,726,1.5330080589386954,1.1653864011619077,0.4049586776859504,0.2741046831955923,0.12534435261707988,0.005509641873278237,0.7780377518359817,0.40525653960112473,0.5367316215057002,0.17582417582417584,1.5220620137826963
0.0,3.0,208,0.5,633,1.758236731105044,2.0462289612616966,0.42496050552922593,0.22748815165876776,0.18325434439178515,0.014218009478672985,0.7868763781284557,0.4458582690071496,0.571113193845554,0.28448275862068967,1.3270871277196237
0.0,4.0,208,0.1,899,1.238012646429503,1.0451737638930416,0.42157953281423804,0.36484983314794217,0.05672969966629588,0.0,0.8175461932493577,0.4601631254637803,0.562719028234206,0.058823529411764705,1.8847411131564735
0.0,4.0,208,0.25,851,1.3078417968744103,1.0610084266033037,0.4406580493537015,0.36310223266745006,0.07755581668625147,0.0,0.8345782058692897,0.49708633303006394,0.6016647467164574,0.09090909090909091,1.78410977452298
0.0,4.0,208,0.5,760,1.4644386436054255,1.1015453328981377,0.49473684210526314,0.34078947368421053,0.15394736842105264,0.0,0.8456851775569082,0.5303988525254144,0.6496444654589019,0.23076923076923078,1.5933295283636484
0.5,0.0,208,0.1,468,2.373847210901221,2.324553625825761,0.1282051282051282,0.0,0.11538461538461539,0.010683760683760684,0.015972463769268665,0.04582663343583013,0.4064666518978665,0.05555555555555555,0.982933241287881
0.5,0.0,208,0.25,446,2.4909428132326714,2.3298928872710514,0.12331838565022421,0.0,0.10762331838565023,0.008968609865470852,0.014677853203407311,0.03283705226766938,0.3956446064117637,0.020833333333333332,0.9367269778085361
0.5,0.0,208,0.5,395,2.8125582144348646,2.347065330482931,0.1189873417721519,0.0,0.08354430379746836,0.007594936708860759,0.014636327347474021,0.050246835119317323,0.38267529563705827,0.0,0.8296124579246004
0.5,1.0,208,0.1,503,2.2129617052809536,2.2545610251944526,0.19681908548707752,0.039761431411530816,0.13717693836978131,0.019880715705765408,0.3396382633880903,0.07233760856426176,0.29932314176674746,0.11594202898550725,1.0543939046776671
0.5,1.0,208,0.25,476,2.3384868440258817,2.2936935905867295,0.17857142857142858,0.014705882352941176,0.1323529411764706,0.023109243697478993,0.3211055853213585,0.0725141242656952,0.3066458911084759,0.1111111111111111,0.997796219933538
0.5,1.0,208,0.5,429,2.589780238338717,2.3289117582029095,0.15384615384615385,0.004662004662004662,0.12354312354312354,0.004662004662004662,0.27822875794370855,0.05209195712185595,0.3315442661012624,0.05660377358490566,0.9009773488850589
0.5,1.5,208,0.1,544,2.0461684117761756,2.1943442234809885,0.24632352941176472,0.07536764705882353,0.15625,0.014705882352941176,0.4804428932768672,0.12111831838214115,0.29443999221011036,0.12941176470588237,1.1403427596205948
0.5,1.5,208,0.25,504,2.20856273017111,2.2336644610259038,0.2361111111111111,0.03571428571428571,0.1746031746031746,0.025793650793650792,0.4623714523766162,0.12138489300022873,0.3003906790920957,0.1590909090909091,1.0564940272955512
0.5,1.5,208,0.5,449,2.4744427151334323,2.2881272101560186,0.19376391982182628,0.004454342984409799,0.155902004454343,0.0200445434298441,0.41378817604066176,0.07493125854301469,0.308102175004238,0.11594202898550725,0.942973267905097
0.5,2.0,208,0.1,589,1.8898352324272598,2.126849972500814,0.2733446519524618,0.11544991511035653,0.1494057724957555,0.008488964346349746,0.5780991359590726,0.17762827559661845,0.3362629496871084,0.17045454545454544,1.2346755385317136
0.5,2.0,208,0.25,539,2.0651446231904567,2.1795203408666164,0.2653061224489796,0.07050092764378478,0.17810760667903525,0.016697588126159554,0.5658749803388348,0.18062890791030745,0.34366438837514135,0.15625,1.1298643722726547
0.5,2.0,208,0.5,471,2.3588775362641026,2.2352392987478034,0.2526539278131635,0.021231422505307854,0.18895966029723993,0.027600849256900213,0.5260906039902097,0.14843422266329212,0.33708175934886436,0.20454545454545456,0.9891710347239028
0.5,3.0,208,0.1,677,1.6441801449607059,1.9762486307697078,0.30280649926144754,0.17134416543574593,0.12850812407680945,0.0029542097488921715,0.6792342547042788,0.26053428597883943,0.3955859840937844,0.14942528735632185,1.4191470079995994
0.5,3.0,208,0.25,620,1.795338642158706,2.0588576716239215,0.33225806451612905,0.14838709677419354,0.17419354838709677,0.00967741935483871,0.6878681234060804,0.29680687918023013,0.44541307614845504,0.2037037037037037,1.2996619571045076
0.5,3.0,208,0.5,528,2.1081627995045413,2.1495934793093565,0.32386363636363635,0.04734848484848485,0.2481060606060606,0.026515151515151516,0.6645648868199854,0.28155044824710845,0.4369893714042793,0.2846153846153846,1.1068088925019033
0.5,4.0,208,0.1,744,1.496112898393761,1.160033537782656,0.34274193548387094,0.24596774193548387,0.09408602150537634,0.002688172043010753,0.7462786809187687,0.3461294788204784,0.4683667384636575,0.12857142857142856,1.5595970971431496
0.5,4.0,208,0.25,688,1.6178895296583695,1.3303100551087246,0.3561046511627907,0.2136627906976744,0.1380813953488372,0.00436046511627907,0.7508087249586101,0.36895746707829213,0.4978954051253426,0.15789473684210525,1.442208068325923
0.5,4.0,208,0.5,585,1.9027487118033473,2.0800157105197887,0.38461538461538464,0.1264957264957265,0.24444444444444444,0.013675213675213675,0.7443754177374587,0.38702844575219114,0.534983113241369,0.2887323943661972,1.2262961046085248
