r,delta,seed,dt,rule,cycles,mean_N,median_N,integer_fraction,band1,band2,band3,event_R1,event_R2,interval_R,next2_given2,event_Omega
0.0,0.0,301,0.00125,raw,481,2.3147609934912574,2.3009383796089513,0.10810810810810811,0.004158004158004158,0.08523908523908524,0.016632016632016633,0.029550665284926794,0.01670555946699775,0.4681484025221816,0.175,1.0080234373632087
0.0,0.0,301,0.00125,hysteresis,454,2.4524229909015305,2.3196521485494634,0.11013215859030837,0.0,0.07268722466960352,0.019823788546255508,0.05121881524463754,0.014178052896930866,0.48373320427328365,0.1875,0.9514400011702635
0.0,2.0,301,0.00125,raw,646,1.7229617255838932,2.044892485686222,0.29256965944272445,0.17956656346749225,0.10526315789473684,0.007739938080495356,0.6467802714756137,0.2623948943971057,0.38991298750711517,0.23529411764705882,1.354257206463824
0.0,2.0,301,0.00125,hysteresis,582,1.9124283070914003,2.1248516690481143,0.3127147766323024,0.13917525773195877,0.15979381443298968,0.012027491408934709,0.6561761956866551,0.2978369641187758,0.41480793438036395,0.3010752688172043,1.220089309848213
0.0,4.0,301,0.00125,raw,888,1.2533937105213449,1.0466030286644379,0.43355855855855857,0.3704954954954955,0.06306306306306306,0.0,0.8045032260093554,0.43269768556669613,0.5450289865536395,0.14285714285714285,1.8616124476664169
0.0,4.0,301,0.00125,hysteresis,821,1.3556804079694937,1.0625122896839554,0.4689403166869671,0.3751522533495737,0.0925700365408039,0.001218026796589525,0.8325478105677235,0.49537097867869767,0.6117135358616607,0.14473684210526316,1.7211529499258202
0.5,0.0,301,0.00125,raw,481,2.315432517419774,2.283427671638892,0.13513513513513514,0.004158004158004158,0.11226611226611227,0.018711018711018712,0.042884443721133356,0.038847960806422645,0.44745989044187096,0.1111111111111111,1.0077310894525688
0.5,0.0,301,0.00125,hysteresis,457,2.4370307240238764,2.308798526062969,0.12472647702407003,0.0,0.10065645514223195,0.01312910284463895,0.03684028833065258,0.03628476445541417,0.46379669428224657,0.06521739130434782,0.9574492887314427
0.5,2.0,301,0.00125,raw,595,1.8720098693357048,2.122794768435593,0.280672268907563,0.12773109243697478,0.14453781512605043,0.008403361344537815,0.56259044566558,0.19656711637012805,0.33607907239522916,0.22093023255813954,1.2464321751473098
0.5,2.0,301,0.00125,hysteresis,530,2.10159598538631,2.1659057904594725,0.3,0.06981132075471698,0.21132075471698114,0.016981132075471698,0.5567654854664968,0.22355708608993927,0.3756418674731758,0.32142857142857145,1.1102673156774356
0.5,4.0,301,0.00125,raw,742,1.5011800137950437,1.1638952877169595,0.35983827493261455,0.24932614555256064,0.1091644204851752,0.0013477088948787063,0.7276047641984983,0.3359587418214359,0.4672670403084459,0.12345679012345678,1.5543327994585892
0.5,4.0,301,0.00125,hysteresis,660,1.6876902579332154,2.0154883450052243,0.3984848484848485,0.2287878787878788,0.16363636363636364,0.006060606060606061,0.7486681057076164,0.3932392399117134,0.508796615773671,0.23148148148148148,1.3825601720251601
0.0,0.0,301,0.0025,raw,481,2.3147552420280255,2.300963742347923,0.10810810810810811,0.004158004158004158,0.08523908523908524,0.016632016632016633,0.029604279831748875,0.017214486110889722,0.46811483732527737,0.175,1.008025941995073
0.0,0.0,301,0.0025,hysteresis,454,2.4524168973909255,2.31951973222888,0.11013215859030837,0.0,0.07268722466960352,0.019823788546255508,0.05130451876416276,0.014542616519349039,0.4837168347611287,0.1875,0.9514423652094868
0.0,2.0,301,0.0025,raw,646,1.7229615915311265,2.045016000467915,0.29256965944272445,0.17956656346749225,0.10526315789473684,0.007739938080495356,0.6468456570325382,0.26236362953626424,0.3900356948955642,0.23529411764705882,1.3542573118300298
0.0,2.0,301,0.0025,hysteresis,582,1.9124281582974358,2.124917115000233,0.3127147766323024,0.13917525773195877,0.15979381443298968,0.012027491408934709,0.6562022281417806,0.29759474697429067,0.4148021080274154,0.3010752688172043,1.2200894047756616
0.0,4.0,301,0.0025,raw,888,1.2533936843360685,1.0460741598166254,0.43355855855855857,0.3704954954954955,0.06306306306306306,0.0,0.804456758364008,0.432550355892007,0.5449473605797613,0.14285714285714285,1.8616124865582966
0.0,4.0,301,0.0025,hysteresis,821,1.3556803796472947,1.0627084667561466,0.4689403166869671,0.3751522533495737,0.0925700365408039,0.001218026796589525,0.832537087147977,0.49515356884003686,0.6116009103976671,0.14473684210526316,1.7211529858832901
0.5,0.0,301,0.0025,raw,481,2.3154310903340307,2.283411454899649,0.13513513513513514,0.004158004158004158,0.11226611226611227,0.018711018711018712,0.0428477288753636,0.03899400289833502,0.44746714519035435,0.1111111111111111,1.0077317105544785
0.5,0.0,301,0.0025,hysteresis,457,2.43702922199271,2.308766867674175,0.12472647702407003,0.0,0.10065645514223195,0.01312910284463895,0.0368472724810184,0.036400323832147606,0.46368415466612584,0.06521739130434782,0.9574498788428205
0.5,2.0,301,0.0025,raw,596,1.8688684589688092,2.1223367556425456,0.2785234899328859,0.12919463087248323,0.14093959731543623,0.008389261744966443,0.5627062149325839,0.19576096681588043,0.33647106000277066,0.21428571428571427,1.2485273225814955
0.5,2.0,301,0.0025,hysteresis,530,2.1015954746139816,2.1657464569652864,0.2981132075471698,0.06981132075471698,0.20943396226415095,0.016981132075471698,0.5567468018672217,0.22329752652989976,0.37558668880125895,0.3153153153153153,1.1102675855171018
0.5,4.0,301,0.0025,raw,742,1.5011797756187042,1.1643492919989096,0.35983827493261455,0.24932614555256064,0.1091644204851752,0.0013477088948787063,0.7275078796364676,0.33574059684146884,0.46719210538338923,0.12345679012345678,1.5543330460681573
0.5,4.0,301,0.0025,hysteresis,660,1.6876899901652702,2.0158641980412493,0.3984848484848485,0.2287878787878788,0.16363636363636364,0.006060606060606061,0.7486408153001873,0.39294990596937807,0.5086954334491731,0.23148148148148148,1.3825603913813798
0.0,0.0,301,0.005,raw,481,2.314756851539284,2.3007470852048337,0.10810810810810811,0.004158004158004158,0.08523908523908524,0.016632016632016633,0.02957261721367019,0.01740939972926636,0.4684414452399417,0.175,1.0080252410881496
0.0,0.0,301,0.005,hysteresis,454,2.4524186026220174,2.3197342688388902,0.11013215859030837,0.0,0.07268722466960352,0.019823788546255508,0.051274207970203045,0.014806345742422048,0.48391672057916035,0.1875,0.9514417036466112
0.0,2.0,301,0.005,raw,647,1.7202993181948563,2.042663661952794,0.29057187017001546,0.1777434312210201,0.10510046367851623,0.0077279752704791345,0.6468468357824558,0.2617132680648108,0.3907646568584719,0.23529411764705882,1.3563531117257814
0.0,2.0,301,0.005,hysteresis,581,1.915720583256578,2.1249951639501834,0.3132530120481928,0.13769363166953527,0.16179001721170397,0.012048192771084338,0.6561872115168997,0.2976916303658563,0.41569624219703,0.30851063829787234,1.2179925160937852
0.0,4.0,301,0.005,raw,889,1.2519840691275863,1.046017480820716,0.4330708661417323,0.3700787401574803,0.06299212598425197,0.0,0.8035702787308329,0.43082528350667165,0.5428836304988307,0.14285714285714285,1.863708485491559
0.0,4.0,301,0.005,hysteresis,823,1.3523861937477815,1.0616682812839608,0.46780072904009723,0.3754556500607533,0.09234507897934387,0.0,0.8318326496857256,0.49356865209673767,0.6102654455116754,0.14473684210526316,1.725345425826269
0.5,0.0,301,0.005,raw,481,2.3154291967179432,2.283521826234491,0.13721413721413722,0.004158004158004158,0.11434511434511435,0.016632016632016633,0.046318844816648566,0.04191331939377156,0.44942664181713193,0.10909090909090909,1.0077325347027535
0.5,0.0,301,0.005,hysteresis,457,2.4370272289307016,2.3087072473535573,0.12691466083150985,0.0,0.10284463894967177,0.01312910284463895,0.036562715818970665,0.03749216540680048,0.46171696510445775,0.06382978723404255,0.957450661869352
0.5,2.0,301,0.005,raw,596,1.8688681923527874,2.122298602293735,0.2802013422818792,0.13087248322147652,0.14093959731543623,0.008389261744966443,0.5621591885119599,0.1954483401609049,0.33569150163170436,0.21428571428571427,1.2485275006985985
0.5,2.0,301,0.005,hysteresis,531,2.09763736844117,2.165274001398741,0.3013182674199623,0.07532956685499058,0.20903954802259886,0.015065913370998116,0.5573703120737069,0.22391369976392944,0.3764671250298595,0.3153153153153153,1.1123625887096575
0.5,4.0,301,0.005,raw,742,1.5011796050555648,1.1631260739727312,0.35983827493261455,0.25067385444743934,0.1078167115902965,0.0013477088948787063,0.727503202288728,0.3357411381301556,0.4672938791979204,0.125,1.554333222670559
0.5,4.0,301,0.005,hysteresis,660,1.6876897984109533,2.016014898452461,0.3984848484848485,0.23030303030303031,0.1621212121212121,0.006060606060606061,0.7486221203441219,0.39270885240564657,0.5085448869185335,0.2336448598130841,1.382560548467074
0.0,0.0,302,0.00125,raw,481,2.3142298137816373,2.3257714240354375,0.1101871101871102,0.006237006237006237,0.0893970893970894,0.010395010395010396,0.006788913160224887,0.059818138313849446,0.3999316855489854,0.11627906976744186,1.0082548066047423
0.0,0.0,302,0.00125,hysteresis,455,2.4378158415935074,2.3552009337945767,0.1054945054945055,0.0,0.07472527472527472,0.01098901098901099,0.014244980762168078,0.05906811335307165,0.40401545531540506,0.08823529411764706,0.9571409347344803
0.0,2.0,302,0.00125,raw,677,1.6444987669316944,1.9062233138669578,0.3175775480059084,0.1831610044313146,0.1344165435745938,0.0,0.7002316103768929,0.24497502000133167,0.4104583596020643,0.18888888888888888,1.4188720479777959
0.0,2.0,302,0.00125,hysteresis,616,1.8055561746866557,2.079679916275505,0.3392857142857143,0.17207792207792208,0.16396103896103897,0.003246753246753247,0.7225134142936143,0.29937189567007955,0.45026515524770355,0.2,1.2923072491711705
0.0,4.0,302,0.00125,raw,982,1.1335376760493274,1.020198490115999,0.390020366598778,0.3533604887983707,0.035641547861507125,0.0010183299389002036,0.8182749026587763,0.4466443854953123,0.5277926734262594,0.02857142857142857,2.058452385513647
0.0,4.0,302,0.00125,hysteresis,918,1.2125642678436157,1.0386293740369585,0.42374727668845313,0.35947712418300654,0.06318082788671024,0.0010893246187363835,0.8453384197133206,0.5038694124661981,0.5932504574338245,0.06896551724137931,1.9242966292276253
0.5,0.0,302,0.00125,raw,476,2.335863921863382,2.3148661604133345,0.12815126050420167,0.004201680672268907,0.10504201680672269,0.01680672268907563,0.009788180215663009,0.03188309112867085,0.3492155182180233,0.14,0.998916637006821
0.5,0.0,302,0.00125,hysteresis,454,2.4427260421056447,2.3377775136527346,0.12555066079295155,0.0,0.0947136563876652,0.015418502202643172,0.012172225382071536,0.037377608302687826,0.3716968098327665,0.11627906976744186,0.9552169556116028
0.5,2.0,302,0.00125,raw,639,1.7433277111910106,2.049913532113381,0.30672926447574334,0.15336463223787167,0.14084507042253522,0.012519561815336464,0.6420114188830052,0.21104277174254057,0.3427714234164403,0.2222222222222222,1.3384364387457832
0.5,2.0,302,0.00125,hysteresis,570,1.9513271797304552,2.1157161899401307,0.3385964912280702,0.12105263157894737,0.18947368421052632,0.028070175438596492,0.6539016913995518,0.2465534642083078,0.38482695041378423,0.22429906542056074,1.1957673513550127
0.5,4.0,302,0.00125,raw,854,1.304408660797337,1.0758798753814616,0.38524590163934425,0.29859484777517564,0.08430913348946135,0.00234192037470726,0.7740523858088948,0.3677200877610779,0.4892335505196043,0.1527777777777778,1.7888054591013314
0.5,4.0,302,0.00125,hysteresis,774,1.439231261396545,1.1181054167433415,0.4289405684754522,0.28811369509043927,0.13824289405684753,0.002583979328165375,0.80274427191602,0.43265260278219325,0.5671378693415822,0.19626168224299065,1.6212358610590523
0.0,0.0,302,0.0025,raw,481,2.3142281997027485,2.325528342349774,0.10810810810810811,0.004158004158004158,0.0893970893970894,0.010395010395010396,0.0067512636041666685,0.05993977800456042,0.4002981886994293,0.11627906976744186,1.0082555098209585
0.0,0.0,302,0.0025,hysteresis,455,2.4378144745456507,2.354708452389633,0.1054945054945055,0.0,0.07472527472527472,0.01098901098901099,0.014182768072955354,0.0591216361259778,0.40437247607467613,0.08823529411764706,0.9571414714682953
0.0,2.0,302,0.0025,raw,677,1.6444987896932695,1.9062798645707617,0.3190546528803545,0.18463810930576072,0.1344165435745938,0.0,0.7002236241222197,0.24512919385790394,0.41056073616067257,0.18888888888888888,1.4188720283391298
0.0,2.0,302,0.0025,hysteresis,616,1.8055562229315458,2.079690483500732,0.3392857142857143,0.17207792207792208,0.16396103896103897,0.003246753246753247,0.72249652158652,0.29938253295989736,0.4502601246713208,0.2,1.2923072146404146
0.0,4.0,302,0.0025,raw,982,1.1335377058557243,1.0199882624111076,0.390020366598778,0.3533604887983707,0.035641547861507125,0.0010183299389002036,0.8182623310721776,0.4467426604015736,0.5278134428174703,0.02857142857142857,2.0584523313866
0.0,4.0,302,0.0025,hysteresis,918,1.2125642997280188,1.0384013904196987,0.42483660130718953,0.35947712418300654,0.06318082788671024,0.002178649237472767,0.845311413611287,0.5037294370374379,0.5931025663065685,0.06896551724137931,1.9242965786282062
0.5,0.0,302,0.0025,raw,477,2.330966196626776,2.314528061898141,0.1278825995807128,0.0020964360587002098,0.1069182389937107,0.016771488469601678,0.012025691704864335,0.0335682741945304,0.35048152110757447,0.13725490196078433,1.0010155173893054
0.5,0.0,302,0.0025,hysteresis,455,2.437356651300082,2.3373648012778334,0.12747252747252746,0.0,0.0967032967032967,0.015384615384615385,0.014354789169525319,0.03907443621391159,0.3687606138021511,0.11363636363636363,0.9573212570629486
0.5,2.0,302,0.0025,raw,638,1.7460601994769998,2.0500435796042495,0.3072100313479624,0.1536050156739812,0.14106583072100312,0.012539184952978056,0.6444188374056035,0.21035344617147145,0.343426853591297,0.23333333333333334,1.3363418592510388
0.5,2.0,302,0.0025,hysteresis,570,1.951326870107595,2.1156690673743626,0.3385964912280702,0.12105263157894737,0.18947368421052632,0.028070175438596492,0.6539100843133923,0.24656326938914908,0.38493508899291184,0.2336448598130841,1.1957675410909883
0.5,4.0,302,0.0025,raw,854,1.3044086705802365,1.0737432572718153,0.382903981264637,0.2962529274004684,0.08430913348946135,0.00234192037470726,0.7719062229960852,0.36670247629053826,0.4868733188178292,0.1527777777777778,1.7888054456855178
0.5,4.0,302,0.0025,hysteresis,774,1.4392312721905967,1.1182692428366963,0.42764857881136953,0.2868217054263566,0.13824289405684753,0.002583979328165375,0.8021210658745151,0.4335973984402585,0.5643581738466346,0.19626168224299065,1.6212358488999892
0.0,0.0,302,0.005,raw,481,2.3142233444397027,2.3254090221679276,0.10810810810810811,0.004158004158004158,0.0893970893970894,0.010395010395010396,0.006719043078974166,0.06010935350781873,0.3998561550986818,0.11627906976744186,1.0082576251508073
0.0,0.0,302,0.005,hysteresis,455,2.4378194943532026,2.354855191675248,0.1054945054945055,0.0,0.07472527472527472,0.01098901098901099,0.014336703347902229,0.059113436916657186,0.4039068334833017,0.08823529411764706,0.9571395005816083
0.0,2.0,302,0.005,raw,677,1.6444976412290966,1.9067091031757963,0.3190546528803545,0.18463810930576072,0.1344165435745938,0.0,0.7002813852638885,0.24544561712619334,0.4106448150095566,0.18888888888888888,1.4188730192336436
0.0,2.0,302,0.005,hysteresis,616,1.8055542241632139,2.079278896720152,0.3392857142857143,0.17207792207792208,0.16396103896103897,0.003246753246753247,0.7224633153885223,0.2994540162713155,0.45018085035013494,0.2,1.292308645238677
0.0,4.0,302,0.005,raw,980,1.1358508348389542,1.021696733662711,0.39183673469387753,0.35408163265306125,0.036734693877551024,0.0010204081632653062,0.8210447528496985,0.4486838836874953,0.532926932211618,0.027777777777777776,2.054260349832083
0.0,4.0,302,0.005,hysteresis,918,1.2125640720502997,1.038253330419522,0.42483660130718953,0.35947712418300654,0.06318082788671024,0.002178649237472767,0.8452814081404268,0.5035737829388702,0.5929098856798843,0.06896551724137931,1.9242969399447472
0.5,0.0,302,0.005,raw,477,2.3310167794335603,2.313651349972089,0.1278825995807128,0.0041928721174004195,0.10482180293501048,0.016771488469601678,0.012149367672150838,0.03378157099843472,0.35074262241047055,0.14,1.0009937954630839
0.5,0.0,302,0.005,hysteresis,454,2.4427286200255733,2.337199120268137,0.12555066079295155,0.0,0.0947136563876652,0.015418502202643172,0.012431161260651219,0.03705359759461718,0.3712789894054572,0.11627906976744186,0.9552159475287539
0.5,2.0,302,0.005,raw,637,1.7488030423643608,2.05033760195629,0.30612244897959184,0.15384615384615385,0.13971742543171115,0.012558869701726845,0.646179325292111,0.21111740404443083,0.34433640558857354,0.2247191011235955,1.3342459252465018
0.5,2.0,302,0.005,hysteresis,569,1.95475407018916,2.116390065096768,0.3391915641476274,0.12126537785588752,0.18980667838312829,0.028119507908611598,0.6540898289417263,0.2477021465892294,0.3867835616132326,0.22429906542056074,1.1936710448222978
0.5,4.0,302,0.005,raw,852,1.3074714127906837,1.0753909945232927,0.38028169014084506,0.2934272300469484,0.08450704225352113,0.002347417840375587,0.7720938547220236,0.36684053850228593,0.4857071129863376,0.1527777777777778,1.784615182027603
0.5,4.0,302,0.005,hysteresis,773,1.4410939763229786,1.1196506232560661,0.4282018111254851,0.2858990944372574,0.13971539456662355,0.00258732212160414,0.8025202979994451,0.43403951607388785,0.56412971389245,0.2037037037037037,1.6191403001259825
0.0,0.0,303,0.00125,raw,475,2.339479119771444,2.327010602156445,0.13263157894736843,0.0,0.10736842105263159,0.021052631578947368,0.04112437668991235,0.0382728732179258,0.37260138394713854,0.058823529411764705,0.9973730107757017
0.0,0.0,303,0.00125,hysteresis,459,2.4210295901774206,2.3373861146761294,0.12636165577342048,0.0,0.10239651416122005,0.0196078431372549,0.032302798371496425,0.039259925032802255,0.3840150942660388,0.06382978723404255,0.9637772883074675
0.0,2.0,303,0.00125,raw,675,1.6471426804481868,1.9321847732119681,0.30962962962962964,0.16,0.13925925925925925,0.01037037037037037,0.6691143435025552,0.21539466712212021,0.3713931978874307,0.1702127659574468,1.416594543405575
0.0,2.0,303,0.00125,hysteresis,607,1.8316660779283787,2.073428531238743,0.342668863261944,0.12520593080724876,0.20098846787479407,0.016474464579901153,0.6871115187929666,0.2544419683772073,0.41397192683450995,0.20491803278688525,1.273885759773606
0.0,4.0,303,0.00125,raw,948,1.1728992674653598,1.0354059433065395,0.410337552742616,0.35654008438818563,0.052742616033755275,0.0010548523206751054,0.8220954913077947,0.45355871181477475,0.558120852569167,0.06,1.989372317006964
0.0,4.0,303,0.00125,hysteresis,886,1.2549757399065027,1.0518143219714782,0.4616252821670429,0.3623024830699774,0.09706546275395034,0.002257336343115124,0.8467249177263205,0.5116119588232058,0.6274720534735785,0.1511627906976744,1.8592656886795043
0.5,0.0,303,0.00125,raw,473,2.3490028977984285,2.3111210501051183,0.13742071881606766,0.0021141649048625794,0.11416490486257928,0.019027484143763214,0.03347504405360299,0.07401091553035898,0.331791910005893,0.1111111111111111,0.9933292698447579
0.5,0.0,303,0.00125,hysteresis,454,2.4473091864728125,2.328171002072356,0.14317180616740088,0.0,0.11013215859030837,0.019823788546255508,0.027905055676813548,0.08351596373493421,0.33672191673297447,0.1,0.9534280941004653
0.5,2.0,303,0.00125,raw,624,1.7818088504910325,2.0597242123686827,0.27403846153846156,0.1233974358974359,0.14583333333333334,0.004807692307692308,0.5969573468037626,0.15715687330225703,0.3037693332070807,0.18681318681318682,1.3095306674957372
0.5,2.0,303,0.00125,hysteresis,546,2.036352971989751,2.1390102749370126,0.2948717948717949,0.06776556776556776,0.21245421245421245,0.014652014652014652,0.5968185844433191,0.20044820538750083,0.3271981733518915,0.24347826086956523,1.14583933405877
0.5,4.0,303,0.00125,raw,785,1.416508498853441,1.1207607051825914,0.3286624203821656,0.2318471337579618,0.09554140127388536,0.0012738853503184713,0.7510742311308679,0.33947424517817765,0.4636936124970054,0.16,1.6472427346690781
0.5,4.0,303,0.00125,hysteresis,720,1.5443877383332658,1.184935356259096,0.3611111111111111,0.2125,0.14583333333333334,0.002777777777777778,0.7683861767040985,0.37913239612300476,0.5108424952679852,0.23809523809523808,1.5108468394417023
0.0,0.0,303,0.0025,raw,475,2.339479066552901,2.326872805190199,0.13263157894736843,0.0,0.10736842105263159,0.021052631578947368,0.04110416286927568,0.03872968236102444,0.3725051804365024,0.058823529411764705,0.9973730334639742
0.0,0.0,303,0.0025,hysteresis,459,2.4210295351037643,2.3375311463363593,0.12636165577342048,0.0,0.10239651416122005,0.0196078431372549,0.032320643010264556,0.03965894967941318,0.38395474202587687,0.06382978723404255,0.9637773102315035
0.0,2.0,303,0.0025,raw,675,1.6471432965928545,1.9323143058139531,0.30962962962962964,0.16,0.13925925925925925,0.01037037037037037,0.6690685261723696,0.21544521720858947,0.3712617051770863,0.1702127659574468,1.4165940135019677
0.0,2.0,303,0.0025,hysteresis,607,1.8316667630974903,2.0732788743516095,0.342668863261944,0.12520593080724876,0.20098846787479407,0.016474464579901153,0.6871329596108547,0.2544087357451542,0.41398696531735707,0.20491803278688525,1.2738852832528804
0.0,4.0,303,0.0025,raw,948,1.1728994384544207,1.0353029606962538,0.410337552742616,0.35654008438818563,0.052742616033755275,0.0010548523206751054,0.8221730359609629,0.45376782000935956,0.5583108024606648,0.06,1.9893720269898545
0.0,4.0,303,0.0025,hysteresis,886,1.2549759228609378,1.0519548608311124,0.4616252821670429,0.3623024830699774,0.09706546275395034,0.002257336343115124,0.846751015264351,0.511646630129061,0.6274570728837056,0.1511627906976744,1.8592654176297587
0.5,0.0,303,0.0025,raw,473,2.3490046502713473,2.3110525349023083,0.13742071881606766,0.0021141649048625794,0.11416490486257928,0.019027484143763214,0.03349270741072397,0.07393376330339532,0.33170267604679804,0.1111111111111111,0.9933285287723022
0.5,0.0,303,0.0025,hysteresis,454,2.4473110122871087,2.328201984539179,0.14317180616740088,0.0,0.11013215859030837,0.019823788546255508,0.02786271028127158,0.08373465212043266,0.33675268635044286,0.1,0.9534273827962477
0.5,2.0,303,0.0025,raw,624,1.7818098687145572,2.0598407929533438,0.27403846153846156,0.1233974358974359,0.14583333333333334,0.004807692307692308,0.597014650605086,0.1572965764685965,0.3038132995835576,0.18681318681318682,1.3095299191583554
0.5,2.0,303,0.0025,hysteresis,546,2.0363541356737795,2.1390736314971495,0.2948717948717949,0.06776556776556776,0.21245421245421245,0.014652014652014652,0.596833137517193,0.200609689027307,0.3272101826068957,0.24347826086956523,1.145838679263561
0.5,4.0,303,0.0025,raw,785,1.4165085391981918,1.1210273150618082,0.3273885350318471,0.23057324840764332,0.09554140127388536,0.0012738853503184713,0.7511963092509969,0.3399159903632213,0.4640194199929612,0.16,1.6472426877525963
0.5,4.0,303,0.0025,hysteresis,720,1.544387782320251,1.185305343531076,0.3597222222222222,0.2111111111111111,0.14583333333333334,0.002777777777777778,0.7684689137675417,0.3793426512174915,0.5109251198647958,0.23809523809523808,1.5108467964100245
0.0,0.0,303,0.005,raw,473,2.349371087098172,2.328262727299688,0.1331923890063425,0.0021141649048625794,0.10993657505285412,0.021141649048625793,0.038714202924975225,0.04335744315841448,0.37493003729664537,0.057692307692307696,0.9931735970307495
0.0,0.0,303,0.005,hysteresis,459,2.42102946448243,2.337474450635564,0.12854030501089325,0.0,0.10457516339869281,0.0196078431372549,0.03238454157083102,0.04012864468848802,0.38372800585726835,0.0625,0.9637773383448499
0.0,2.0,303,0.005,raw,675,1.6471419405769483,1.9324698679677692,0.3111111111111111,0.16296296296296298,0.13777777777777778,0.01037037037037037,0.6690834283068197,0.215484879551083,0.3711194124137535,0.16129032258064516,1.4165951797184104
0.0,2.0,303,0.005,hysteresis,608,1.828652647844474,2.0728885969472763,0.34375,0.12828947368421054,0.19901315789473684,0.01644736842105263,0.6875573276727045,0.25492993915112666,0.41461867200321695,0.19834710743801653,1.2759849915093238
0.0,4.0,303,0.005,raw,949,1.1716630967734531,1.0352289063211046,0.40990516332982085,0.3561643835616438,0.05268703898840885,0.001053740779768177,0.8209038292499873,0.453137048606105,0.5568283906717055,0.06,1.9914712170750353
0.0,4.0,303,0.005,hysteresis,886,1.2549754840158092,1.051887319677689,0.4616252821670429,0.3623024830699774,0.09706546275395034,0.002257336343115124,0.8456289110109121,0.5113951272661974,0.6275777527951218,0.1511627906976744,1.8592660677855442
0.5,0.0,303,0.005,raw,474,2.3440493979786194,2.3100944810638993,0.1350210970464135,0.0,0.11392405063291139,0.0189873417721519,0.03413894499393285,0.07416538655312777,0.3305908167229499,0.1111111111111111,0.9954283964089975
0.5,0.0,303,0.005,hysteresis,454,2.4473114859952987,2.3281325173310847,0.14317180616740088,0.0,0.11013215859030837,0.019823788546255508,0.027609942828647958,0.08389072096838639,0.33687198505305704,0.1,0.9534271982482804
0.5,2.0,303,0.005,raw,625,1.7789565976771715,2.059566064850061,0.2768,0.1264,0.1456,0.0048,0.5951031656716992,0.15749473058782668,0.3044310116363407,0.18681318681318682,1.311630276073079
0.5,2.0,303,0.005,hysteresis,547,2.032628653653075,2.138227972442738,0.2979890310786106,0.0712979890310786,0.21206581352833637,0.014625228519195612,0.5962435407516198,0.2028388812705388,0.33026897981840936,0.2413793103448276,1.1479388176191587
0.5,4.0,303,0.005,raw,785,1.4165072125419338,1.1206633663030903,0.33121019108280253,0.23439490445859873,0.09554140127388536,0.0012738853503184713,0.751159296110012,0.3404338108790875,0.46419141137524694,0.16,1.6472442305084687
0.5,4.0,303,0.005,hysteresis,720,1.544386335896414,1.1847181933734299,0.3625,0.21388888888888888,0.14583333333333334,0.002777777777777778,0.7684281827881102,0.379154620611714,0.5105645809798117,0.23809523809523808,1.51084821142178
0.0,0.0,304,0.00125,raw,472,2.3537819731143594,2.3260851108136538,0.125,0.00423728813559322,0.08898305084745763,0.0211864406779661,0.008154928106975016,0.041719107701426374,0.3314905159945937,0.12195121951219512,0.9913124324960438
0.0,0.0,304,0.00125,hysteresis,453,2.4525057203310765,2.3442408901567067,0.11920529801324503,0.0,0.08609271523178808,0.019867549668874173,0.009184155655441307,0.03704619966305749,0.3559813985434706,0.13157894736842105,0.9514079066116691
0.0,2.0,304,0.00125,raw,714,1.5558578210315617,1.2653960596289227,0.3081232492997199,0.18347338935574228,0.11484593837535013,0.008403361344537815,0.6855803098903227,0.2474164985475871,0.39217010891601606,0.12345679012345678,1.499708586345179
0.0,2.0,304,0.00125,hysteresis,628,1.7689211532110423,2.04627764702421,0.34235668789808915,0.1624203821656051,0.1624203821656051,0.01751592356687898,0.7240042448896445,0.3283397239418948,0.4602812815699981,0.2079207920792079,1.3190714176817542
0.0,4.0,304,0.00125,raw,980,1.134302239249274,1.0196427614271157,0.42346938775510207,0.3795918367346939,0.04285714285714286,0.0010204081632653062,0.8345701521487169,0.49281815532523837,0.5762559928844971,0.09523809523809523,2.057064909681943
0.0,4.0,304,0.00125,hysteresis,921,1.206195513814806,1.0351481855097482,0.47122692725298587,0.38219326818675353,0.08794788273615635,0.0010857763300760044,0.8551251218044282,0.540558532237113,0.6437660001742047,0.16049382716049382,1.9344569819811013
0.5,0.0,304,0.00125,raw,475,2.338579228585658,2.3163065635287414,0.15368421052631578,0.002105263157894737,0.12,0.031578947368421054,0.02790734571199041,0.013324542855532034,0.3140296670549292,0.14285714285714285,0.9977568024259338
0.5,0.0,304,0.00125,hysteresis,453,2.452152612755381,2.3359164504338894,0.1456953642384106,0.0,0.11258278145695365,0.026490066225165563,0.02172809381660967,0.01753334311159236,0.3305259653562862,0.16,0.951544908418838
0.5,2.0,304,0.00125,raw,650,1.7087964558607267,2.0236872316250727,0.2815384615384615,0.12153846153846154,0.14461538461538462,0.015384615384615385,0.6151919574079654,0.16485912998255992,0.3427852993773471,0.1935483870967742,1.3654834812716332
0.5,2.0,304,0.00125,hysteresis,560,1.9834244576954863,2.137627861166889,0.2982142857142857,0.08392857142857142,0.18392857142857144,0.030357142857142857,0.6423522486429845,0.22300650420384513,0.386327323957622,0.23529411764705882,1.1764165377109455
0.5,4.0,304,0.00125,raw,854,1.3006563338391093,1.0712740865103805,0.373536299765808,0.28688524590163933,0.08079625292740047,0.00585480093676815,0.7726505059039736,0.37837057283430997,0.4895809423305631,0.16176470588235295,1.7939660713034793
0.5,4.0,304,0.00125,hysteresis,771,1.4406751090773011,1.1082733917217629,0.4345006485084306,0.2905317769130999,0.13488975356679636,0.009079118028534372,0.801134352159923,0.4411029730780576,0.5675314262636463,0.17475728155339806,1.6196110550058345
0.0,0.0,304,0.0025,raw,472,2.3537823178396065,2.3262350606117588,0.125,0.00423728813559322,0.08898305084745763,0.0211864406779661,0.00810570483361657,0.041755923928315536,0.3314949447466714,0.12195121951219512,0.9913122873125151
0.0,0.0,304,0.0025,hysteresis,453,2.4525060795149987,2.3441156282908984,0.11920529801324503,0.0,0.08609271523178808,0.019867549668874173,0.009283314227790974,0.037000767409322066,0.3559100130529038,0.13157894736842105,0.9514077672723926
0.0,2.0,304,0.0025,raw,715,1.553682488686091,1.262735216634237,0.3090909090909091,0.18461538461538463,0.11468531468531469,0.008391608391608392,0.6846395675126444,0.24577279946117533,0.39141824334388264,0.12345679012345678,1.5018083490833274
0.0,2.0,304,0.0025,hysteresis,629,1.7661096651996104,2.0432146821456834,0.34181240063593005,0.16375198728139906,0.16057233704292528,0.017488076311605722,0.7243054169899322,0.32887399628637237,0.45909951062500426,0.21,1.3211712609418362
0.0,4.0,304,0.0025,raw,980,1.1343025498036658,1.0197842335022937,0.42346938775510207,0.3795918367346939,0.04285714285714286,0.0010204081632653062,0.8345934428883455,0.49277027438223014,0.5762679412891308,0.09523809523809523,2.057064346489572
0.0,4.0,304,0.0025,hysteresis,920,1.2075069428225274,1.0351942873050708,0.4717391304347826,0.3815217391304348,0.0891304347826087,0.0010869565217391304,0.855144015234211,0.5404628967214049,0.643792351301391,0.15853658536585366,1.9323560391952739
0.5,0.0,304,0.0025,raw,475,2.338579652441692,2.3161565884409128,0.15368421052631578,0.002105263157894737,0.12,0.031578947368421054,0.027861440256797362,0.013353049889838965,0.3139469817828748,0.14285714285714285,0.9977566215874322
0.5,0.0,304,0.0025,hysteresis,453,2.4521530571960333,2.336015436997876,0.1456953642384106,0.0,0.11258278145695365,0.026490066225165563,0.021779980244007863,0.01746928094305235,0.3304126007232082,0.16,0.9515447359560143
0.5,2.0,304,0.0025,raw,650,1.708798214241466,2.023803079255366,0.28,0.12,0.14461538461538462,0.015384615384615385,0.6151067592105988,0.1647752154099098,0.34264978007644203,0.1935483870967742,1.3654820761672544
0.5,2.0,304,0.0025,hysteresis,560,1.98342649867313,2.1377122585333015,0.2982142857142857,0.08392857142857142,0.18392857142857144,0.030357142857142857,0.6424210853475433,0.22282701733722995,0.3863940012390348,0.23529411764705882,1.1764153271594808
0.5,4.0,304,0.0025,raw,853,1.3021831938410684,1.0719373471446116,0.37397420867526376,0.28722157092614303,0.08089097303634232,0.005861664712778429,0.7730871973696002,0.3793293898563363,0.49025426604170147,0.16176470588235295,1.7918625769164376
0.5,4.0,304,0.0025,hysteresis,770,1.4425483952551055,1.1110657143108171,0.43506493506493504,0.2909090909090909,0.13506493506493505,0.00909090909090909,0.8015422801878556,0.4419986099350649,0.568316597972334,0.17475728155339806,1.617507836137933
0.0,0.0,304,0.005,raw,473,2.3488080538652794,2.325757505484286,0.12473572938689217,0.004228329809725159,0.08879492600422834,0.021141649048625793,0.008796240854240285,0.04041372737330571,0.3351668571502295,0.12195121951219512,0.9934116708657909
0.0,0.0,304,0.005,hysteresis,453,2.4525081886937676,2.3441534861250966,0.11920529801324503,0.0,0.08609271523178808,0.019867549668874173,0.009077985520700153,0.03766162875929127,0.356245203733888,0.13157894736842105,0.9514069490532839
0.0,2.0,304,0.005,raw,715,1.5536844667913972,1.262636751196093,0.3132867132867133,0.1874125874125874,0.11608391608391608,0.008391608391608392,0.685499947086173,0.2469767766523603,0.3909069181229404,0.12195121951219512,1.5018064370251665
0.0,2.0,304,0.005,hysteresis,628,1.7689241938787406,2.0464402862521527,0.34554140127388533,0.16401273885350318,0.16401273885350318,0.01751592356687898,0.7237244054249752,0.32785077649663175,0.4597225618050761,0.20588235294117646,1.319069150282244
0.0,4.0,304,0.005,raw,981,1.133147144822008,1.0194640102740942,0.4230377166156983,0.37920489296636084,0.04281345565749235,0.0010193679918450561,0.834237734367832,0.4916036910268716,0.5752167746046366,0.09523809523809523,2.0591618167116743
0.0,4.0,304,0.005,hysteresis,921,1.2061967477972704,1.035340277581392,0.4723127035830619,0.38327904451682954,0.08794788273615635,0.0010857763300760044,0.8553665848568791,0.5407599616692612,0.6442634368182842,0.14814814814814814,1.93445500296234
0.5,0.0,304,0.005,raw,475,2.3385815186780126,2.3171166501055356,0.15368421052631578,0.002105263157894737,0.12,0.031578947368421054,0.028188151535124512,0.012650683745438835,0.31423567530141894,0.14285714285714285,0.997755825357054
0.5,0.0,304,0.005,hysteresis,453,2.4521550140663493,2.3357125884728647,0.1456953642384106,0.0,0.11258278145695365,0.026490066225165563,0.022067082137014433,0.016741879710417237,0.3307881746080992,0.16,0.9515439766036746
0.5,2.0,304,0.005,raw,647,1.7167233114397964,2.0323012814527353,0.28593508500772796,0.1205564142194745,0.14992272024729522,0.015455950540958269,0.6195959030709957,0.16769599320764086,0.34957805145958853,0.1875,1.3591784522203487
0.5,2.0,304,0.005,hysteresis,560,1.983428540181336,2.1377196393558275,0.3,0.08392857142857142,0.18571428571428572,0.030357142857142857,0.6424533420985661,0.2224320697639902,0.3863399131531224,0.23300970873786409,1.1764141162958195
0.5,4.0,304,0.005,raw,853,1.3021851244191494,1.0727336653169401,0.37514654161781946,0.28839390386869873,0.08089097303634232,0.005861664712778429,0.7728164218216432,0.37873632150886116,0.4895857083145818,0.16176470588235295,1.7918599203582033
0.5,4.0,304,0.005,hysteresis,770,1.44255053393446,1.1119063134498077,0.43636363636363634,0.2922077922077922,0.13506493506493505,0.00909090909090909,0.8013314686683685,0.4409352667913935,0.5675801538369043,0.17475728155339806,1.6175054380724696
