delta,N,density,ci_low,ci_high,seeds
0,0.0125,0.0,0.0,0.0,16
0,0.037500000000000006,0.0,0.0,0.0,16
0,0.0625,0.0,0.0,0.0,16
0,0.08750000000000001,0.0,0.0,0.0,16
0,0.1125,0.0,0.0,0.0,16
0,0.1375,0.0,0.0,0.0,16
0,0.16250000000000003,0.0,0.0,0.0,16
0,0.1875,0.0,0.0,0.0,16
0,0.21250000000000002,0.0,0.0,0.0,16
0,0.2375,0.0,0.0,0.0,16
0,0.2625,0.0,0.0,0.0,16
0,0.28750000000000003,0.0,0.0,0.0,16
0,0.3125,0.0,0.0,0.0,16
0,0.3375,0.0,0.0,0.0,16
0,0.36250000000000004,0.0,0.0,0.0,16
0,0.3875,0.0,0.0,0.0,16
0,0.41250000000000003,0.0,0.0,0.0,16
0,0.4375,0.0,0.0,0.0,16
0,0.4625,0.0,0.0,0.0,16
0,0.48750000000000004,0.0,0.0,0.0,16
0,0.5125,0.0,0.0,0.0,16
0,0.5375000000000001,0.0,0.0,0.0,16
0,0.5625,0.0,0.0,0.0,16
0,0.5875000000000001,0.0,0.0,0.0,16
0,0.6125,0.0,0.0,0.0,16
0,0.6375,0.0,0.0,0.0,16
0,0.6625000000000001,0.0,0.0,0.0,16
0,0.6875,0.0,0.0,0.0,16
0,0.7125000000000001,0.0,0.0,0.0,16
0,0.7375,0.0,0.0,0.0,16
0,0.7625,0.0,0.0,0.0,16
0,0.7875000000000001,0.0,0.0,0.0,16
0,0.8125,0.0,0.0,0.0,16
0,0.8375000000000001,0.0,0.0,0.0,16
0,0.8625,0.0,0.0,0.0,16
0,0.8875,0.0,0.0,0.0,16
0,0.9125000000000001,0.0,0.0,0.0,16
0,0.9375,0.0,0.0,0.0,16
0,0.9625000000000001,0.0,0.0,0.0,16
0,0.9875,0.0,0.0,0.0,16
0,1.0125000000000002,0.0,0.0,0.0,16
0,1.0375,0.0,0.0,0.0,16
0,1.0625,0.0,0.0,0.0,16
0,1.0875,0.0,0.0,0.0,16
0,1.1125,7.604012762201263e-07,-8.603556784219911e-07,2.3811582308622436e-06,16
0,1.1375000000000002,2.591636503427472e-05,-2.767406795564428e-05,7.950679802419372e-05,16
0,1.1625,0.00033111865745797146,-0.0003213396727820456,0.0009835769876979884,16
0,1.1875,0.0016722391283621187,-0.0012839796974570292,0.004628457954181267,16
0,1.2125000000000001,0.003622449609237928,-0.001808300355548494,0.00905319957402435,16
0,1.2375,0.0039171534749391414,-0.0013971856079587862,0.009231492557837069,16
0,1.2625000000000002,0.003583862053851885,-0.00026732528886729695,0.007435049396571067,16
0,1.2875,0.005224967540183997,-0.0005665886340303966,0.011016523714398391,16
0,1.3125,0.005790337606403641,-0.0009833703564196784,0.01256404556922696,16
0,1.3375000000000001,0.003029368317259828,-0.0008475011896891694,0.006906237824208825,16
0,1.3625,0.0012531769161679678,0.0001189141144670783,0.002387439717868857,16
0,1.3875000000000002,0.0031053057755246628,-0.0008569918805718165,0.007067603431621142,16
0,1.4125,0.006446480227874034,-0.000764425069970545,0.013657385525718612,16
0,1.4375,0.008551434277456582,0.0008789714466420802,0.016223897108271084,16
0,1.4625000000000001,0.011950394769677918,0.003992284960692621,0.019908504578663215,16
0,1.4875,0.01764814458009176,0.008518523115499117,0.026777766044684403,16
0,1.5125000000000002,0.022315190274258486,0.011657769273818272,0.0329726112746987,16
0,1.5375,0.023174207379694056,0.013186041467534956,0.033162373291853155,16
0,1.5625,0.022576059228726037,0.013506917303449183,0.03164520115400289,16
0,1.5875000000000001,0.023009539315857294,0.012233840480866303,0.03378523815084829,16
0,1.6125,0.027103807374241173,0.011871897089188163,0.042335717659294184,16
0,1.6375000000000002,0.037871851195810595,0.017927931597018394,0.057815770794602796,16
0,1.6625,0.04967574753930137,0.030557138602960086,0.06879435647564265,16
0,1.6875,0.05256592679941423,0.03186460161496958,0.07326725198385887,16
0,1.7125000000000001,0.051805767021008475,0.030116376681495662,0.07349515736052128,16
0,1.7375,0.061069206110590316,0.03716469006136046,0.08497372215982017,16
0,1.7625000000000002,0.07962541764939246,0.053645470610618216,0.1056053646881667,16
0,1.7875,0.09431016712821769,0.06843380049858627,0.1201865337578491,16
0,1.8125,0.10939520857102816,0.07485529619670828,0.14393512094534805,16
0,1.8375000000000001,0.1340354967203952,0.08956294000097206,0.17850805343981832,16
0,1.8625,0.16228213403583674,0.12064082930378581,0.20392343876788768,16
0,1.8875000000000002,0.19189687371416211,0.15539752239788956,0.22839622503043466,16
0,1.9125,0.2175277291260223,0.17214975062765364,0.26290570762439097,16
0,1.9375,0.25541100314903503,0.20678864700707408,0.30403335929099595,16
0,1.9625000000000001,0.306040766418967,0.24922342552546906,0.36285810731246493,16
0,1.9875,0.35500615618452364,0.29712251673519013,0.41288979563385714,16
0,2.0125,0.438107070322547,0.3823561611195441,0.49385797952554983,16
0,2.0375,0.5620045652831607,0.5071363858294523,0.616872744736869,16
0,2.0625,0.6977822593689268,0.6460685370364027,0.7494959817014509,16
0,2.0875000000000004,0.8319056115167087,0.7512297861562345,0.912581436877183,16
0,2.1125,0.9920959696472319,0.8995234488191672,1.0846684904752966,16
0,2.1375,1.19536737096426,1.0840321478018682,1.306702594126652,16
0,2.1625,1.3896832876646559,1.282945515587706,1.4964210597416057,16
0,2.1875,1.5293975940181708,1.4349592109170943,1.6238359771192472,16
0,2.2125000000000004,1.6386011939216276,1.5291236579751508,1.7480787298681044,16
0,2.2375,1.7563403340169197,1.6488860575200803,1.863794610513759,16
0,2.2625,1.8714660210984921,1.7594440270800984,1.9834880151168859,16
0,2.2875,1.9697694900719087,1.8606801980855665,2.078858782058251,16
0,2.3125,1.9964725741253182,1.8864670667485266,2.10647808150211,16
0,2.3375000000000004,1.9772603626131873,1.838816247872665,2.1157044773537095,16
0,2.3625,1.911485904978855,1.7581416088811723,2.064830201076538,16
0,2.3875,1.7800189750801658,1.6524421022397815,1.9075958479205501,16
0,2.4125000000000005,1.6313998040126365,1.5347896471787565,1.7280099608465165,16
0,2.4375,1.4925960662682904,1.4146789529937127,1.5705131795428682,16
0,2.4625000000000004,1.3507902457822691,1.2482620379840872,1.453318453580451,16
0,2.4875,1.2070514546325777,1.0975459289968834,1.316556980268272,16
0,2.5125,1.068022047017699,0.9732968279293702,1.162747266106028,16
0,2.5375000000000005,0.9635303057019964,0.8884951439430373,1.0385654674609555,16
0,2.5625,0.8557310655596053,0.8036770744727922,0.9077850566464184,16
0,2.5875000000000004,0.7067762517588471,0.6524742402661251,0.761078263251569,16
0,2.6125,0.5804480654719337,0.5195409430629172,0.6413551878809503,16
0,2.6375,0.5016211383673781,0.44375752524789913,0.5594847514868571,16
0,2.6625000000000005,0.44862208061875786,0.40340239930766886,0.49384176192984686,16
0,2.6875,0.39445302741801147,0.35574280012972864,0.4331632547062943,16
0,2.7125000000000004,0.33522354188864306,0.28384120465551244,0.3866058791217737,16
0,2.7375,0.27543069808294524,0.22933745104512698,0.3215239451207635,16
0,2.7625,0.22713481713448724,0.19191080212117279,0.2623588321478017,16
0,2.7875000000000005,0.18784386245144036,0.16339401646157256,0.21229370844130815,16
0,2.8125,0.15934345956597717,0.13735117267692243,0.18133574645503192,16
0,2.8375000000000004,0.1476441713392286,0.12044176909742141,0.1748465735810358,16
0,2.8625,0.1378992955617698,0.1056114390547906,0.17018715206874901,16
0,2.8875,0.11279333822475461,0.0811415923847232,0.144445084064786,16
0,2.9125000000000005,0.08100550971808713,0.05344556945845427,0.10856544997772,16
0,2.9375,0.063496740830298,0.039124637339306205,0.0878688443212898,16
0,2.9625000000000004,0.06303057393396473,0.042420871516905156,0.0836402763510243,16
0,2.9875,0.06146850769622246,0.04302003599699054,0.07991697939545439,16
0,3.0125,0.0534741710372864,0.03604570998849027,0.07090263208608252,16
0,3.0375000000000005,0.046965458566090225,0.029691466974481245,0.0642394501576992,16
0,3.0625,0.044378120493720995,0.026637585783217656,0.062118655204224334,16
0,3.0875000000000004,0.043004355275203576,0.025082963295783,0.06092574725462416,16
0,3.1125,0.041768114845519705,0.026694820969444845,0.056841408721594565,16
0,3.1375,0.04081736922283162,0.021636850662471903,0.05999788778319134,16
0,3.1625000000000005,0.03965645320971039,0.019851906632954167,0.059460999786466615,16
0,3.1875,0.037111489391725275,0.022112954100962118,0.05211002468248843,16
0,3.2125000000000004,0.03312589856349504,0.01873052145360302,0.04752127567338707,16
0,3.2375,0.03275725310053957,0.012262059130487786,0.053252447070591354,16
0,3.2625,0.030278615026347332,0.014077481346361366,0.0464797487063333,16
0,3.2875000000000005,0.027581019346041374,0.015737094622197786,0.03942494406988496,16
0,3.3125,0.02806430850700993,0.014253601358544114,0.041875015655475745,16
0,3.3375000000000004,0.028686608382426145,0.019365979576143076,0.038007237188709214,16
0,3.3625,0.027437480349766945,0.018102066718774738,0.036772893980759155,16
0,3.3875,0.02095844199492539,0.011653432741647537,0.030263451248203243,16
0,3.4125000000000005,0.015403399314285422,0.007901687344726795,0.02290511128384405,16
0,3.4375,0.014992880808066933,0.004833973143660301,0.025151788472473565,16
0,3.4625000000000004,0.01849222934934414,0.008020270340309464,0.028964188358378815,16
0,3.4875,0.023780226698403288,0.011632282787147185,0.03592817060965939,16
0,3.5125,0.02520194379830966,0.011915375389574255,0.038488512207045064,16
0,3.5375000000000005,0.02347600584549909,0.010949296975884138,0.03600271471511404,16
0,3.5625,0.020694149843794613,0.010636826617062682,0.030751473070526544,16
0,3.5875000000000004,0.01849914172538388,0.008497429278450217,0.028500854172317548,16
0,3.6125,0.018133443504077282,0.008432260103693906,0.02783462690446066,16
0,3.6375,0.021875019077025007,0.01021925142486343,0.033530786729186586,16
0,3.6625000000000005,0.024453176337217043,0.009909653539313838,0.038996699135120244,16
0,3.6875,0.02186806861563215,0.00968696693175677,0.034049170299507533,16
0,3.7125000000000004,0.01984204930019789,0.010000202433818526,0.029683896166577257,16
0,3.7375,0.023304398927175427,0.009653246250033049,0.03695555160431781,16
0,3.7625,0.03073004741801725,0.010531681309744884,0.050928413526289615,16
0,3.7875000000000005,0.030534022906947095,0.01216814362806349,0.0488999021858307,16
0,3.8125,0.022647394545286557,0.010620599186250511,0.034674189904322604,16
0,3.8375000000000004,0.016301314958409807,0.006424587133490676,0.02617804278332894,16
0,3.8625,0.017258354689164247,0.0054733465726315884,0.029043362805696905,16
0,3.8875,0.020184139780696855,0.0046471144669930995,0.03572116509440061,16
0,3.9125000000000005,0.01726381589494759,0.005347092088880304,0.029180539701014876,16
0,3.9375,0.016248047987643958,0.004238112568406425,0.02825798340688149,16
0,3.9625000000000004,0.021426203533929034,0.009469183757322175,0.03338322331053589,16
0,3.9875,0.025570986198879396,0.012277564373523151,0.038864408024235644,16
0,4.0125,0.026977774759759668,0.010872420419341416,0.04308312910017792,16
0,4.0375,0.029424167278110064,0.008532968616703288,0.05031536593951684,16
0,4.0625,0.027328872930209167,0.010726418853028462,0.04393132700738987,16
0,4.0875,0.019889154956767414,0.008087323087061863,0.031690986826472964,16
0,4.112500000000001,0.0133109038160768,0.003485691568567059,0.023136116063586544,16
0,4.1375,0.01387053846509944,0.0036213539348603305,0.02411972299533855,16
0,4.1625,0.019218911474571873,0.006237308714709828,0.032200514234433916,16
0,4.1875,0.023081405233837924,0.008258245444582545,0.037904565023093306,16
0,4.2125,0.020768835660338113,0.0062195761651348755,0.03531809515554135,16
0,4.237500000000001,0.01452343568580144,0.006364539389839342,0.02268233198176354,16
0,4.2625,0.017748529862428065,0.00725793443064527,0.02823912529421086,16
0,4.2875,0.023945112905103375,0.007221602066244136,0.040668623743962615,16
0,4.3125,0.019512340997316347,0.007619227976796447,0.031405454017836246,16
0,4.3375,0.014742467933108967,0.007741984134888984,0.021742951731328952,16
0,4.362500000000001,0.01639365927317239,0.00877501365867515,0.024012304887669627,16
0,4.3875,0.022495084813736063,0.012348932640921883,0.03264123698655024,16
0,4.4125,0.02975072652281242,0.016194046123231852,0.04330740692239299,16
0,4.4375,0.03070615159644914,0.013539615913386982,0.0478726872795113,16
0,4.4625,0.027224119449943032,0.007539171608807044,0.04690906729107902,16
0,4.487500000000001,0.024420292510245176,0.006743908994218086,0.04209667602627226,16
0,4.5125,0.020244963644610686,0.006757411685103505,0.033732515604117864,16
0,4.5375,0.018032543184677962,0.0054656039988173356,0.03059948237053859,16
0,4.5625,0.019666867257116204,0.00616876648250037,0.03316496803173204,16
0,4.5875,0.017258021706471442,0.008644778200694078,0.025871265212248806,16
0,4.612500000000001,0.012867230196124398,0.005404110552601743,0.020330349839647054,16
0,4.6375,0.009877452341961628,0.0030662941987638255,0.01668861048515943,16
0,4.6625,0.012200453103425471,0.004426404749990784,0.01997450145686016,16
0,4.6875,0.01769243852296624,0.007215247909095819,0.02816962913683666,16
0,4.7125,0.017600615558741768,0.005439734229917548,0.029761496887565988,16
0,4.737500000000001,0.012064976013470653,0.0011569353084082273,0.02297301671853308,16
0,4.7625,0.005312808553069247,0.000167541172859444,0.01045807593327905,16
0,4.7875000000000005,0.0029375212608538544,5.7815211228132764e-05,0.0058172273104795755,16
0,4.8125,0.0055905647123425705,-9.726830117506857e-05,0.01127839772586021,16
0,4.8375,0.008810250118722189,0.0016540509760741033,0.015966449261370273,16
0,4.862500000000001,0.009153858244025152,0.0020484798144522727,0.01625923667359803,16
0,4.8875,0.007583590937785465,0.0012753127185860342,0.013891869156984895,16
0,4.9125000000000005,0.007868083788289286,-0.00010526841222810793,0.01584143598880668,16
0,4.9375,0.010538951741826742,0.0015791429887201912,0.019498760494933293,16
0,4.9625,0.011137255085410174,0.0029999494966671033,0.019274560674153243,16
0,4.987500000000001,0.007528345711045354,0.0015566530748529041,0.013500038347237803,16
0,5.0125,0.005345150142282769,-0.0007686531931353343,0.011458953477700873,16
0,5.0375000000000005,0.0067885303767934975,-0.003037410322153415,0.01661447107574041,16
0,5.0625,0.007913475179118988,-0.0013291945858378111,0.017156144944075788,16
0,5.0875,0.008001546321514993,-0.0006562964035709811,0.01665938904660097,16
0,5.112500000000001,0.006919996344375175,0.00054292990517404,0.01329706278357631,16
0,5.1375,0.005912788269943713,9.688840055872058e-05,0.011728688139328706,16
0,5.1625000000000005,0.00591897601895772,-0.00014712840903475643,0.011985080446950198,16
0,5.1875,0.007116097337380299,-0.0008280731415512433,0.015060267816311841,16
0,5.2125,0.008667873301842578,-0.00012879956566100303,0.01746454616934616,16
0,5.237500000000001,0.007378873164487444,0.0002532074406979357,0.014504538888276953,16
0,5.2625,0.0038860215030652517,0.0001231020541228021,0.007648940952007702,16
0,5.2875000000000005,0.0036590555185566764,-0.00019395361671114717,0.0075120646538245,16
0,5.3125,0.006136922342437472,-0.0006226981421779089,0.012896542827052854,16
0,5.3375,0.006268217916656916,6.721657588641249e-05,0.01246921925742742,16
0,5.362500000000001,0.0044858117891349945,-0.0008216272141171963,0.009793250792387185,16
0,5.3875,0.003644420622255809,-0.0007513724914574287,0.008040213735969047,16
0,5.4125000000000005,0.005300781787159215,-0.0027089117507146194,0.013310475325033048,16
0,5.4375,0.006238437679106497,-0.002456580922289655,0.01493345628050265,16
0,5.4625,0.005632025709171905,0.0003432492017840941,0.010920802216559715,16
0,5.487500000000001,0.009228590101440354,-0.0003647078729755813,0.01882188807585629,16
0,5.5125,0.015023327791775652,0.00013998469217703542,0.02990667089137427,16
0,5.5375000000000005,0.01540962576368185,0.0011427364458598144,0.029676515081503888,16
0,5.5625,0.011132751766807062,0.0010808983706251177,0.021184605162989006,16
0,5.5875,0.006294722578115715,0.0002207192833822381,0.012368725872849193,16
0,5.612500000000001,0.004085308772220774,0.00016802991444095795,0.008002587630000588,16
0,5.6375,0.006789554491628814,0.0007090294055728322,0.012870079577684795,16
0,5.6625000000000005,0.013184526949105962,0.004004606762139056,0.02236444713607287,16
0,5.6875,0.017425090587557663,0.005726769841169281,0.029123411333946046,16
0,5.7125,0.014684415746584713,0.003958323329540157,0.025410508163629268,16
0,5.737500000000001,0.010013188230521209,0.0017365417393001726,0.018289834721742247,16
0,5.7625,0.009187127790888577,0.002693722663424023,0.01568053291835313,16
0,5.7875000000000005,0.011250534811795608,0.0027036034657370017,0.019797466157854215,16
0,5.8125,0.00939654633983012,0.00280074149912556,0.01599235118053468,16
0,5.8375,0.006722177923996043,0.0011412605590784058,0.012303095288913681,16
0,5.862500000000001,0.006899076002003734,0.0009679610003914905,0.012830191003615977,16
0,5.8875,0.0077102675257868965,0.0008222167335440447,0.014598318318029747,16
0,5.9125000000000005,0.0065895250480307145,0.0004268255011608607,0.01275222459490057,16
0,5.9375,0.004200031779862848,-0.0011163023473436534,0.009516365907069349,16
0,5.9625,0.0016965919891586733,-0.0011864499227184815,0.004579633901035828,16
0,5.987500000000001,0.0003511021389199601,-0.0003374701829565455,0.0010396744607964656,16
1,0.0125,0.0,0.0,0.0,16
1,0.037500000000000006,0.0,0.0,0.0,16
1,0.0625,0.0,0.0,0.0,16
1,0.08750000000000001,0.0,0.0,0.0,16
1,0.1125,0.0,0.0,0.0,16
1,0.1375,0.0,0.0,0.0,16
1,0.16250000000000003,0.0,0.0,0.0,16
1,0.1875,0.0,0.0,0.0,16
1,0.21250000000000002,0.0,0.0,0.0,16
1,0.2375,0.0,0.0,0.0,16
1,0.2625,0.0,0.0,0.0,16
1,0.28750000000000003,0.0,0.0,0.0,16
1,0.3125,0.0,0.0,0.0,16
1,0.3375,0.0,0.0,0.0,16
1,0.36250000000000004,0.0,0.0,0.0,16
1,0.3875,0.0,0.0,0.0,16
1,0.41250000000000003,0.0,0.0,0.0,16
1,0.4375,0.0,0.0,0.0,16
1,0.4625,0.0,0.0,0.0,16
1,0.48750000000000004,0.0,0.0,0.0,16
1,0.5125,0.0,0.0,0.0,16
1,0.5375000000000001,0.0,0.0,0.0,16
1,0.5625,7.014183680017905e-07,-7.936194937225879e-07,2.196456229726169e-06,16
1,0.5875000000000001,2.322778626850766e-05,-2.6281068217852077e-05,7.27366407548674e-05,16
1,0.6125,0.0002836723169021639,-0.0003193713804703601,0.0008867160142746879,16
1,0.6375,0.00129207184188923,-0.0014080755753231218,0.003992219259101582,16
1,0.6625000000000001,0.0023999259512188184,-0.0020534384838543245,0.006853290386291962,16
1,0.6875,0.0029347821789955427,-0.0007676231136438984,0.006637187471634984,16
1,0.7125000000000001,0.005147030448883456,-0.0006412291755072564,0.010935290073274168,16
1,0.7375,0.01096328727395395,0.0009826602659864393,0.02094391428192146,16
1,0.7625,0.0184376166526497,0.005246075150266384,0.03162915815503301,16
1,0.7875000000000001,0.022529786798192317,0.011025979449646646,0.03403359414673799,16
1,0.8125,0.027275018204396748,0.012878106792067323,0.041671929616726174,16
1,0.8375000000000001,0.03607615366761672,0.01593688891774633,0.056215418417487104,16
1,0.8625,0.04701747331395097,0.028138722037734477,0.06589622459016747,16
1,0.8875,0.05646447065371738,0.040552175572025874,0.07237676573540888,16
1,0.9125000000000001,0.05330147257327733,0.038892140559320096,0.06771080458723457,16
1,0.9375,0.04494052608188002,0.030106078243469322,0.059774973920290714,16
1,0.9625000000000001,0.04844846744518377,0.028097938291860608,0.06879899659850693,16
1,0.9875,0.05932371430068169,0.03413380621594457,0.0845136223854188,16
1,1.0125000000000002,0.061082500405990656,0.035000159497660194,0.08716484131432112,16
1,1.0375,0.0555697022762688,0.03208064518144101,0.07905875937109658,16
1,1.0625,0.05112458893565895,0.026975528060314932,0.07527364981100297,16
1,1.0875,0.04219755243125087,0.022507413456670854,0.06188769140583088,16
1,1.1125,0.03494163418307502,0.016884822991495442,0.0529984453746546,16
1,1.1375000000000002,0.030420437731169023,0.01466559610133289,0.046175279361005156,16
1,1.1625,0.03130582263492928,0.016511101718659937,0.04610054355119862,16
1,1.1875,0.03544728846002698,0.017545576761304926,0.053349000158749035,16
1,1.2125000000000001,0.033067202525675785,0.01746743201976375,0.04866697303158782,16
1,1.2375,0.031983881023576105,0.020896032725372323,0.043071729321779884,16
1,1.2625000000000002,0.035214154851495476,0.021402768674984425,0.049025541028006527,16
1,1.2875,0.0341977989200998,0.01940194056953369,0.048993657270665916,16
1,1.3125,0.029479246413469832,0.016567107179961522,0.04239138564697814,16
1,1.3375000000000001,0.02647985047537907,0.014595336597094007,0.03836436435366413,16
1,1.3625,0.0250722741648569,0.014928278117068606,0.035216270212645194,16
1,1.3875000000000002,0.024545091147383354,0.01549210044205014,0.033598081852716566,16
1,1.4125,0.026068733367854896,0.016389164726735763,0.035748302008974026,16
1,1.4375,0.02671333871695189,0.015177702339680325,0.03824897509422345,16
1,1.4625000000000001,0.02409751398154564,0.011388268603918417,0.036806759359172866,16
1,1.4875,0.01898482247675653,0.005426552532624992,0.03254309242088806,16
1,1.5125000000000002,0.012925693188575373,0.003359746870314227,0.022491639506836518,16
1,1.5375,0.014275082264021022,0.005060979895435771,0.023489184632606273,16
1,1.5625,0.019393791516659684,0.008215962507874992,0.030571620525444376,16
1,1.5875000000000001,0.016849759069998898,0.00441134943247167,0.029288168707526124,16
1,1.6125,0.014309061245094906,-0.002529814953349927,0.03114793744353974,16
1,1.6375000000000002,0.018350508347144384,0.0014856302878523062,0.03521538640643646,16
1,1.6625,0.023252230213912536,0.007094555113939655,0.03940990531388541,16
1,1.6875,0.023635290147844778,0.010633495873029381,0.03663708442266017,16
1,1.7125000000000001,0.025582968092567042,0.015117399361997954,0.03604853682313613,16
1,1.7375,0.03798825437873614,0.02328117116210524,0.05269533759536704,16
1,1.7625000000000002,0.05924777612160792,0.036229305285009616,0.08226624695820622,16
1,1.7875,0.07907607107454813,0.049877986161497585,0.10827415598759868,16
1,1.8125,0.10386992379566791,0.07025740273100144,0.1374824448603344,16
1,1.8375000000000001,0.14992154794812007,0.11399173005148949,0.18585136584475065,16
1,1.8625,0.20707580785673585,0.15989515827377096,0.25425645743970077,16
1,1.8875000000000002,0.25156829367169925,0.2059023728498991,0.2972342144934994,16
1,1.9125,0.3013369959160876,0.25334141295222995,0.34933257887994523,16
1,1.9375,0.3769767359925787,0.3192297396375868,0.4347237323475706,16
1,1.9625000000000001,0.45940851136495453,0.39611006047354425,0.5227069622563648,16
1,1.9875,0.5429283011229509,0.46688868981880394,0.6189679124270978,16
1,2.0125,0.6523235026230847,0.5859858972384605,0.7186611080077089,16
1,2.0375,0.7941001636305103,0.7382110943793617,0.8499892328816588,16
1,2.0625,0.9660435368890077,0.8985914661162051,1.0334956076618103,16
1,2.0875000000000004,1.1535152398242055,1.0781172021536658,1.228913277494745,16
1,2.1125,1.3130777729362957,1.23711010449665,1.3890454413759414,16
1,2.1375,1.4446511638455188,1.371153148127113,1.5181491795639246,16
1,2.1625,1.581566472741836,1.483998004197449,1.6791349412862229,16
1,2.1875,1.6765880235722652,1.5696515953371695,1.783524451807361,16
1,2.2125000000000004,1.7372322588390725,1.641088750191852,1.833375767486293,16
1,2.2375,1.7479626185670045,1.6441220173451563,1.8518032197888528,16
1,2.2625,1.6868301940804236,1.5789296665274088,1.7947307216334383,16
1,2.2875,1.6022487607492928,1.4950826404693511,1.7094148810292344,16
1,2.3125,1.5611956500876571,1.4703796816817427,1.6520116184935716,16
1,2.3375000000000004,1.5004998679188528,1.3827469519213986,1.618252783916307,16
1,2.3625,1.3754955142926732,1.282401771717176,1.4685892568681704,16
1,2.3875,1.2566314581080287,1.176006330532635,1.3372565856834224,16
1,2.4125000000000005,1.1870718768551838,1.0830440594427357,1.2910996942676318,16
1,2.4375,1.125850844284714,1.0217736478963797,1.2299280406730482,16
1,2.4625000000000004,1.037104332523082,0.9524939326915781,1.121714732354586,16
1,2.4875,0.9415822543942179,0.8556916477225018,1.027472861065934,16
1,2.5125,0.8515202790413212,0.7702944602765368,0.9327460978061056,16
1,2.5375000000000005,0.787471861938605,0.7060642272595195,0.8688794966176905,16
1,2.5625,0.7464842188514533,0.6758234274676783,0.8171450102352283,16
1,2.5875000000000004,0.7015359007014317,0.6359648614732852,0.7671069399295781,16
1,2.6125,0.6474050535960092,0.5734859691476504,0.721324138044368,16
1,2.6375,0.5967252217666251,0.5255637043133102,0.66788673921994,16
1,2.6625000000000005,0.5598519247760274,0.4810100784663147,0.6386937710857401,16
1,2.6875,0.5147053586541547,0.4493526244151121,0.5800580928931973,16
1,2.7125000000000004,0.4556513544213626,0.41422680044298704,0.4970759083997382,16
1,2.7375,0.4023228181734071,0.3542717054186456,0.4503739309281686,16
1,2.7625,0.3549320280816252,0.3019763255984583,0.40788773056479216,16
1,2.7875000000000005,0.3179316538553153,0.2678539180036387,0.3680093897069919,16
1,2.8125,0.2902002062362564,0.2505072648591073,0.32989314761340555,16
1,2.8375000000000004,0.2678067270424555,0.23685334327615074,0.2987601108087603,16
1,2.8625,0.2529663035256725,0.21996942425651272,0.2859631827948323,16
1,2.8875,0.23003949632698292,0.18814878636319937,0.2719302062907665,16
1,2.9125000000000005,0.19229925532041192,0.15123339690024576,0.23336511374057808,16
1,2.9375,0.15544606587448329,0.11605587428221201,0.19483625746675456,16
1,2.9625000000000004,0.1330477574458147,0.09333063817059013,0.1727648767210393,16
1,2.9875,0.11357346360025379,0.0767616721147229,0.15038525508578468,16
1,3.0125,0.09450581465034466,0.06369785137554758,0.12531377792514176,16
1,3.0375000000000005,0.0837808015125024,0.062388184223476396,0.10517341880152842,16
1,3.0625,0.07817212860422208,0.05818045455938316,0.09816380264906101,16
1,3.0875000000000004,0.07370485404284749,0.05289849209053757,0.09451121599515741,16
1,3.1125,0.06204111394025086,0.0429184081698287,0.08116381971067302,16
1,3.1375,0.040007441671976875,0.025437248887109774,0.05457763445684398,16
1,3.1625000000000005,0.02799939371969123,0.017254766122145385,0.03874402131723707,16
1,3.1875,0.025172495178185702,0.012935516592951703,0.0374094737634197,16
1,3.2125000000000004,0.020625482819561707,0.006913998665153838,0.034336966973969575,16
1,3.2375,0.014777508039127201,0.003985732281827907,0.025569283796426496,16
1,3.2625,0.009583055173598377,0.0029470412480920452,0.01621906909910471,16
1,3.2875000000000005,0.009611590483607931,0.002514421786041201,0.016708759181174662,16
1,3.3125,0.011132726685616066,0.0019458508555185196,0.020319602515713613,16
1,3.3375000000000004,0.01091351686353472,0.0021200437941848484,0.01970698993288459,16
1,3.3625,0.011312566435221574,0.0032109073877372458,0.019414225482705903,16
1,3.3875,0.009684585035756841,0.0017439178199903788,0.017625252251523303,16
1,3.4125000000000005,0.005575841778915937,-0.0003369334401528796,0.011488616997984754,16
1,3.4375,0.002255998750518131,-0.0005898199844040996,0.005101817485440361,16
1,3.4625000000000004,0.0022495972870597283,-0.0006945164795344634,0.00519371105365392,16
1,3.4875,0.005321374057835447,-0.00019396048494827942,0.010836708600619173,16
1,3.5125,0.008613571760378039,0.0019404220585933322,0.015286721462162745,16
1,3.5375000000000005,0.009887564911460256,0.003158931150915403,0.01661619867200511,16
1,3.5625,0.00942633642188232,0.002826944469526845,0.016025728374237793,16
1,3.5875000000000004,0.009382599879697437,0.0031547494788844894,0.015610450280510384,16
1,3.6125,0.009866470238758213,0.0025668680806950946,0.01716607239682133,16
1,3.6375,0.008707229361266005,0.0027088995013672523,0.014705559221164758,16
1,3.6625000000000005,0.009920198999247207,0.002743199997264926,0.01709719800122949,16
1,3.6875,0.012924498071397459,0.002799925578033999,0.023049070564760916,16
1,3.7125000000000004,0.011843633645422342,0.004031229751806056,0.019656037539038627,16
1,3.7375,0.011137973871238351,0.004608356120850956,0.017667591621625747,16
1,3.7625,0.015617367725993075,0.006060928882440345,0.025173806569545806,16
1,3.7875000000000005,0.02046268155242525,0.00924298494453761,0.03168237816031289,16
1,3.8125,0.023463649736466974,0.012645755287682582,0.03428154418525137,16
1,3.8375000000000004,0.02625201174371974,0.013493818700471151,0.03901020478696833,16
1,3.8625,0.027430987789781938,0.01672584413588111,0.03813613144368277,16
1,3.8875,0.028251772994774077,0.01622543833422145,0.0402781076553267,16
1,3.9125000000000005,0.02592884243617568,0.015637579679658023,0.036220105192693336,16
1,3.9375,0.023730166179557522,0.0153626804176037,0.032097651941511346,16
1,3.9625000000000004,0.023808598873818542,0.014219646587579668,0.033397551160057416,16
1,3.9875,0.02495181697037762,0.014004228530252691,0.03589940541050255,16
1,4.0125,0.02142548666450963,0.011140104921607448,0.03171086840741181,16
1,4.0375,0.019273860461994932,0.0074960557138878895,0.031051665210101977,16
1,4.0625,0.01867950925306357,0.0058314022900402916,0.03152761621608685,16
1,4.0875,0.01547156261197897,0.005006772989614926,0.025936352234343013,16
1,4.112500000000001,0.010709947784405982,0.0033799055487908182,0.018039990020021147,16
1,4.1375,0.006810515541412862,0.0014150780855828058,0.01220595299724292,16
1,4.1625,0.007028745795830529,0.0019413213903320481,0.012116170201329012,16
1,4.1875,0.008755976641245465,0.0008731194226677657,0.016638833859823163,16
1,4.2125,0.005680777297598736,0.000956069175830466,0.010405485419367005,16
1,4.237500000000001,0.003732303213729324,2.9362753400920434e-05,0.007435243674057727,16
1,4.2625,0.00437811335762871,-0.0018426140540971948,0.010598840769354615,16
1,4.2875,0.0026025994535577887,-0.001182282622552717,0.006387481529668294,16
1,4.3125,0.000605770789076436,-0.00027464789505375706,0.001486189473206629,16
1,4.3375,0.0004080339788142613,-0.00030706915425930795,0.0011231371118878306,16
1,4.362500000000001,0.002196151724382068,-0.0013051825316188841,0.00569748598038302,16
1,4.3875,0.006526356800595003,-0.0021826735565062287,0.015235387157696234,16
1,4.4125,0.010148542757218729,-0.001061981481358977,0.021359066995796434,16
1,4.4375,0.008341602034318076,0.0002843010537798042,0.016398903014856348,16
1,4.4625,0.0037100292480103797,-3.3498180402469734e-05,0.007453556676423229,16
1,4.487500000000001,0.001901904942707429,-0.0008200216291820415,0.0046238315145969,16
1,4.5125,0.002173659111555333,-0.002294688660700246,0.006642006883810912,16
1,4.5375,0.0018492522980635463,-0.0014474021909817102,0.005145906787108803,16
1,4.5625,0.0031148547646328508,-0.0009753374593235065,0.007205046988589208,16
1,4.5875,0.005770107650187277,-0.0006041778224860064,0.012144393122860562,16
1,4.612500000000001,0.0062381134722858025,0.0004604406982539307,0.012015786246317675,16
1,4.6375,0.005788258191355336,0.00034735902950144403,0.01122915735320923,16
1,4.6625,0.006234308884706543,-0.0007489892117438736,0.013217606981156961,16
1,4.6875,0.00576832209629816,-0.0033115249554469817,0.014848169148043301,16
1,4.7125,0.003139295911332706,-0.0022909964607541644,0.008569588283419577,16
1,4.737500000000001,0.0021406911121294196,-0.0007957805431781716,0.005077162767437011,16
1,4.7625,0.003455371523053259,-0.0015870577657792649,0.008497800811885784,16
1,4.7875000000000005,0.003933212645632574,-0.001083348139707104,0.008949773430972252,16
1,4.8125,0.004102321677600515,-0.00023883487947091477,0.008443478234671944,16
1,4.8375,0.004554368538863942,-0.0015546145239151588,0.010663351601643042,16
1,4.862500000000001,0.0031876560294519804,-0.0009274295177184857,0.007302741576622447,16
1,4.8875,0.0037102700311939223,-0.0003817365330911638,0.0078022765954790085,16
1,4.9125000000000005,0.007092960558242633,0.00016197118139271976,0.014023949935092546,16
1,4.9375,0.008282863495176516,-0.00036239490267032937,0.01692812189302336,16
1,4.9625,0.006515246077198006,-0.0013540125793837466,0.014384504733779759,16
1,4.987500000000001,0.0045974320999433325,-0.0007232419195448824,0.009918106119431547,16
1,5.0125,0.004753759622410295,0.0004869138430049361,0.009020605401815655,16
1,5.0375000000000005,0.007339380444385566,0.000770199581377271,0.01390856130739386,16
1,5.0625,0.008026707709785075,0.0012405390899928852,0.014812876329577266,16
1,5.0875,0.005228488443657808,-0.00025909432443878624,0.010716071211754403,16
1,5.112500000000001,0.0019097473008738985,-0.0008999775383758393,0.004719472140123636,16
1,5.1375,0.0003382045863809914,-0.0002786766446397665,0.0009550858174017492,16
1,5.1625000000000005,2.5264123436724777e-05,-2.5474696340193264e-05,7.600294321364282e-05,16
1,5.1875,7.21070175725969e-07,-8.158545226415287e-07,2.2579948740934668e-06,16
1,5.2125,0.0,0.0,0.0,16
1,5.237500000000001,0.0,0.0,0.0,16
1,5.2625,0.0,0.0,0.0,16
1,5.2875000000000005,7.118650245464886e-07,-8.054393585227006e-07,2.229169407615678e-06,16
1,5.3125,2.4285597045989056e-05,-2.588231802704856e-05,7.445351211902667e-05,16
1,5.3375,0.00031076058000390877,-0.00030007482214647313,0.0009215959821542907,16
1,5.362500000000001,0.001574269005730324,-0.0011964287784612126,0.004344966789921861,16
1,5.3875,0.003409121888365369,-0.0017220824134108656,0.008540326190141603,16
1,5.4125000000000005,0.003409121888365369,-0.0017220824134108665,0.008540326190141605,16
1,5.4375,0.001574269005730324,-0.0011964287784612122,0.00434496678992186,16
1,5.4625,0.00031076058000390877,-0.000300074822146473,0.0009215959821542905,16
1,5.487500000000001,2.4285597045989056e-05,-2.5882318027048534e-05,7.445351211902664e-05,16
1,5.5125,7.118650245464886e-07,-8.054393585227006e-07,2.229169407615678e-06,16
1,5.5375000000000005,0.0,0.0,0.0,16
1,5.5625,0.0,0.0,0.0,16
1,5.5875,0.0,0.0,0.0,16
1,5.612500000000001,7.164380332694853e-07,-8.106134871641741e-07,2.2434895537031444e-06,16
1,5.6375,2.3725169272115646e-05,-2.6843831991253276e-05,7.429417053548457e-05,16
1,5.6625000000000005,0.0002890317313742165,-0.0003270248211155818,0.0009050882838640148,16
1,5.6875,0.0012953503514807137,-0.0014656235665229623,0.00405632426948439,16
1,5.7125,0.00213567167749514,-0.002416404748965794,0.006687748103956073,16
1,5.737500000000001,0.0012953503514807137,-0.0014656235665229623,0.00405632426948439,16
1,5.7625,0.0002890317313742165,-0.0003270248211155818,0.0009050882838640148,16
1,5.7875000000000005,2.3725169272115646e-05,-2.6843831991253276e-05,7.429417053548457e-05,16
1,5.8125,7.164380332694853e-07,-8.106134871641741e-07,2.2434895537031444e-06,16
1,5.8375,0.0,0.0,0.0,16
1,5.862500000000001,0.0,0.0,0.0,16
1,5.8875,0.0,0.0,0.0,16
1,5.9125000000000005,0.0,0.0,0.0,16
1,5.9375,0.0,0.0,0.0,16
1,5.9625,0.0,0.0,0.0,16
1,5.987500000000001,0.0,0.0,0.0,16
1.5,0.0125,0.0,0.0,0.0,16
1.5,0.037500000000000006,0.0,0.0,0.0,16
1.5,0.0625,0.0,0.0,0.0,16
1.5,0.08750000000000001,0.0,0.0,0.0,16
1.5,0.1125,0.0,0.0,0.0,16
1.5,0.1375,0.0,0.0,0.0,16
1.5,0.16250000000000003,0.0,0.0,0.0,16
1.5,0.1875,0.0,0.0,0.0,16
1.5,0.21250000000000002,0.0,0.0,0.0,16
1.5,0.2375,0.0,0.0,0.0,16
1.5,0.2625,0.0,0.0,0.0,16
1.5,0.28750000000000003,0.0,0.0,0.0,16
1.5,0.3125,0.0,0.0,0.0,16
1.5,0.3375,0.0,0.0,0.0,16
1.5,0.36250000000000004,0.0,0.0,0.0,16
1.5,0.3875,0.0,0.0,0.0,16
1.5,0.41250000000000003,0.0,0.0,0.0,16
1.5,0.4375,0.0,0.0,0.0,16
1.5,0.4625,0.0,0.0,0.0,16
1.5,0.48750000000000004,0.0,0.0,0.0,16
1.5,0.5125,6.731922767341158e-07,-7.616830955848614e-07,2.108067649053093e-06,16
1.5,0.5375000000000001,2.4987474565209354e-05,-2.373096022024506e-05,7.370590935066377e-05,16
1.5,0.5625,0.0003661997762173624,-0.0002548834710685812,0.000987283023503306,16
1.5,0.5875000000000001,0.002485270889005057,-0.0007094831181600919,0.005680024896170206,16
1.5,0.6125,0.009146109522274078,0.0011604410514082977,0.017131777993139856,16
1.5,0.6375,0.020254647282563293,0.0070605630593903596,0.033448731505736226,16
1.5,0.6625000000000001,0.02843501945354112,0.013355898827755935,0.0435141400793263,16
1.5,0.6875,0.03163683272665287,0.017325242247004727,0.04594842320630102,16
1.5,0.7125000000000001,0.039796621982838176,0.019136250236156532,0.06045699372951982,16
1.5,0.7375,0.05299613932131516,0.02502907503664604,0.08096320360598427,16
1.5,0.7625,0.06904816574558659,0.033179644662463044,0.10491668682871014,16
1.5,0.7875000000000001,0.08477454807896058,0.0526416560914176,0.11690744006650355,16
1.5,0.8125,0.0967545931065629,0.07231184975764748,0.12119733645547831,16
1.5,0.8375000000000001,0.11309060827144601,0.08424408794672991,0.14193712859616212,16
1.5,0.8625,0.12563324103273013,0.08431749456314092,0.16694898750231935,16
1.5,0.8875,0.1321938224083174,0.08890595610076762,0.17548168871586717,16
1.5,0.9125000000000001,0.1462664835237584,0.10437460017891864,0.18815836686859816,16
1.5,0.9375,0.17172547728030088,0.1287742375999376,0.21467671696066415,16
1.5,0.9625000000000001,0.18998002102659106,0.13842347726015616,0.24153656479302596,16
1.5,0.9875,0.19051199742597597,0.13810197235131094,0.242922022500641,16
1.5,1.0125000000000002,0.18032831012289577,0.12969806466423273,0.2309585555815588,16
1.5,1.0375,0.15904312281102792,0.11012034607471657,0.20796589954733927,16
1.5,1.0625,0.1321923367060635,0.09021217363571502,0.174172499776412,16
1.5,1.0875,0.11848843282555421,0.07688449921732482,0.1600923664337836,16
1.5,1.1125,0.10971092697159213,0.07331248535809512,0.14610936858508913,16
1.5,1.1375000000000002,0.09723209859245044,0.06732746585457479,0.1271367313303261,16
1.5,1.1625,0.09137365444779603,0.06230098431113441,0.12044632458445767,16
1.5,1.1875,0.0846196850726027,0.05588120941082884,0.11335816073437657,16
1.5,1.2125000000000001,0.07488236765188228,0.047009939363906156,0.1027547959398584,16
1.5,1.2375,0.06377310086919269,0.04137011843002733,0.08617608330835805,16
1.5,1.2625000000000002,0.05514223604232068,0.03490423713031973,0.07538023495432163,16
1.5,1.2875,0.05271802189709103,0.03169377204201444,0.07374227175216762,16
1.5,1.3125,0.05118567765329868,0.030584690927135828,0.07178666437946153,16
1.5,1.3375000000000001,0.037558455512393396,0.02116421784223907,0.05395269318254772,16
1.5,1.3625,0.02464549162630314,0.011947030919984673,0.03734395233262161,16
1.5,1.3875000000000002,0.02099857775728397,0.011534792861842781,0.03046236265272516,16
1.5,1.4125,0.021353971835770258,0.01333851916443139,0.029369424507109124,16
1.5,1.4375,0.021355411778379657,0.009852681335472449,0.032858142221286864,16
1.5,1.4625000000000001,0.017772850305861346,0.0043486632124902155,0.031197037399232477,16
1.5,1.4875,0.011948620257431038,0.002321386757449166,0.02157585375741291,16
1.5,1.5125000000000002,0.00858265188478684,0.0009625102432000675,0.01620279352637361,16
1.5,1.5375,0.00904072839590737,0.0007163122050707505,0.017365144586743993,16
1.5,1.5625,0.010874506522336387,0.0031986728124226106,0.018550340232250162,16
1.5,1.5875000000000001,0.012143174436732549,0.004902141078505084,0.019384207794960015,16
1.5,1.6125,0.011830944234033459,0.0038806146945492646,0.019781273773517655,16
1.5,1.6375000000000002,0.009612159672468496,0.0008438244874327573,0.018380494857504235,16
1.5,1.6625,0.006644565069395628,0.0004045307503247504,0.012884599388466506,16
1.5,1.6875,0.0094199207262575,0.0013848812317944648,0.017454960220720538,16
1.5,1.7125000000000001,0.019079524428886288,0.004144860216566432,0.034014188641206144,16
1.5,1.7375,0.03237527887082589,0.014849870677478973,0.049900687064172805,16
1.5,1.7625000000000002,0.050138610627999035,0.030547384028201577,0.06972983722779649,16
1.5,1.7875,0.0693703024519457,0.04731265129769212,0.09142795360619928,16
1.5,1.8125,0.08839706966267896,0.06360768878902358,0.11318645053633435,16
1.5,1.8375000000000001,0.12240268066441067,0.08651819675677483,0.1582871645720465,16
1.5,1.8625,0.1775960656258103,0.14143170557473983,0.21376042567688075,16
1.5,1.8875000000000002,0.24291645783567603,0.19350111469900455,0.2923318009723475,16
1.5,1.9125,0.33235492850868237,0.2720641706075401,0.3926456864098246,16
1.5,1.9375,0.4599088427973645,0.4042023040938286,0.5156153815009004,16
1.5,1.9625000000000001,0.5860189606672914,0.5296706288008179,0.6423672925337649,16
1.5,1.9875,0.7006561097103973,0.627783106339574,0.7735291130812205,16
1.5,2.0125,0.824855946351236,0.7425292889819695,0.9071826037205026,16
1.5,2.0375,0.9996720529334889,0.9068784193644657,1.0924656865025122,16
1.5,2.0625,1.2267506908438137,1.1279631742514309,1.3255382074361965,16
1.5,2.0875000000000004,1.4138025881515606,1.3294272767265625,1.4981778995765587,16
1.5,2.1125,1.5341188900217204,1.4385794881081346,1.6296582919353062,16
1.5,2.1375,1.6407503764624027,1.5130563198656404,1.768444433059165,16
1.5,2.1625,1.74286154182859,1.6338609307205791,1.8518621529366008,16
1.5,2.1875,1.7975187295665638,1.7005591950009566,1.894478264132171,16
1.5,2.2125000000000004,1.7474887578042466,1.6557142593045366,1.8392632563039566,16
1.5,2.2375,1.5764084309608688,1.4861315018050292,1.6666853601167084,16
1.5,2.2625,1.4122028933869766,1.3135385544736218,1.5108672323003314,16
1.5,2.2875,1.3064246403181585,1.2153603426444841,1.397488937991833,16
1.5,2.3125,1.2086610376363756,1.1203962635165436,1.2969258117562075,16
1.5,2.3375000000000004,1.1075563034114273,1.0287652222354602,1.1863473845873944,16
1.5,2.3625,1.0203301686362913,0.9383233870636934,1.1023369502088893,16
1.5,2.3875,0.9342756780321133,0.8394028089485681,1.0291485471156585,16
1.5,2.4125000000000005,0.8537362808902044,0.7471003602868843,0.9603722014935244,16
1.5,2.4375,0.7729476064116033,0.6684922858804403,0.8774029269427663,16
1.5,2.4625000000000004,0.7067427047928797,0.6213925939784001,0.7920928156073593,16
1.5,2.4875,0.6850998899318224,0.6094012124710712,0.7607985673925736,16
1.5,2.5125,0.6972371514893716,0.6152113214506741,0.779262981528069,16
1.5,2.5375000000000005,0.6791464488154085,0.5927171580735786,0.7655757395572385,16
1.5,2.5625,0.6308470867486405,0.5527577905807254,0.7089363829165557,16
1.5,2.5875000000000004,0.5920643547601694,0.5166888443879855,0.6674398651323533,16
1.5,2.6125,0.5810426713018535,0.5079040109359271,0.6541813316677799,16
1.5,2.6375,0.5989761661543113,0.5373244610746766,0.660627871233946,16
1.5,2.6625000000000005,0.5981002602578148,0.5375623247117878,0.6586381958038419,16
1.5,2.6875,0.5856798007847039,0.5090071254991885,0.6623524760702194,16
1.5,2.7125000000000004,0.5673349824091802,0.4890697706440401,0.6456001941743204,16
1.5,2.7375,0.5182544776877825,0.4528787463282331,0.583630209047332,16
1.5,2.7625,0.4676714835738241,0.4123959466388583,0.5229470205087899,16
1.5,2.7875000000000005,0.41837538671091756,0.3682540123698816,0.46849676105195354,16
1.5,2.8125,0.37553297871154345,0.3277253556828104,0.4233406017402765,16
1.5,2.8375000000000004,0.3532217417496976,0.3047394925027887,0.40170399099660653,16
1.5,2.8625,0.32548377571356485,0.2800028607107643,0.3709646907163654,16
1.5,2.8875,0.27796930150904425,0.2401642071434614,0.31577439587462713,16
1.5,2.9125000000000005,0.21777588516539578,0.18599314132245856,0.249558629008333,16
1.5,2.9375,0.1678641327441941,0.13759420738030895,0.19813405810807924,16
1.5,2.9625000000000004,0.1350966804466728,0.10553995937853763,0.16465340151480798,16
1.5,2.9875,0.12086280123771838,0.08759487154534484,0.1541307309300919,16
1.5,3.0125,0.10499470052412668,0.07597785843288368,0.13401154261536968,16
1.5,3.0375000000000005,0.08380123201955997,0.06154731809477813,0.1060551459443418,16
1.5,3.0625,0.06454494756821219,0.044025530363180077,0.0850643647732443,16
1.5,3.0875000000000004,0.04813448149632847,0.030874196009316384,0.06539476698334055,16
1.5,3.1125,0.03429991187415119,0.022761949215113875,0.04583787453318851,16
1.5,3.1375,0.025689461164087424,0.015840101196413582,0.03553882113176127,16
1.5,3.1625000000000005,0.018891064671518305,0.007174041596076423,0.030608087746960187,16
1.5,3.1875,0.009381254321794688,0.002243159751773453,0.016519348891815923,16
1.5,3.2125000000000004,0.005735536062990554,0.0006952478049312991,0.010775824321049808,16
1.5,3.2375,0.00827307442415173,0.0013218861105561723,0.015224262737747286,16
1.5,3.2625,0.009699004025555737,0.0037006694502516634,0.01569733860085981,16
1.5,3.2875000000000005,0.009653680436321322,0.0027804249225163863,0.01652693595012626,16
1.5,3.3125,0.00780318547527252,0.0022170330202419593,0.01338933793030308,16
1.5,3.3375000000000004,0.006799735450916424,0.001365998283699944,0.012233472618132905,16
1.5,3.3625,0.007070298621568783,0.0008053916790094432,0.013335205564128122,16
1.5,3.3875,0.0059760798831994056,0.00038059322316855593,0.011571566543230254,16
1.5,3.4125000000000005,0.003812658525029902,-0.000992128028022584,0.008617445078082387,16
1.5,3.4375,0.0018241837901848206,-0.0009083347513471642,0.004556702331716805,16
1.5,3.4625000000000004,0.0018183417424163862,-0.0009370005303600281,0.004573684015192801,16
1.5,3.4875,0.0033183997828852355,-0.0016484490992875198,0.00828524866505799,16
1.5,3.5125,0.0033237243440835404,-0.0015929588969939307,0.008240407585161012,16
1.5,3.5375000000000005,0.0020385580229473526,-0.0006307977348982809,0.004707913780792986,16
1.5,3.5625,0.002670657583771412,-0.0007734385284277378,0.006114753695970562,16
1.5,3.5875000000000004,0.003936909662423203,-0.0017574348103454405,0.009631254135191846,16
1.5,3.6125,0.002396124239439459,-0.0010561466239380072,0.005848395102816925,16
1.5,3.6375,0.00080181261504465,-0.00011317607893249486,0.001716801309021795,16
1.5,3.6625000000000005,0.0013598198905308565,-0.001238485477464669,0.003958125258526382,16
1.5,3.6875,0.003344831112432613,-0.001419604961650358,0.008109267186515584,16
1.5,3.7125000000000004,0.007307694375340335,0.0009244642701526822,0.013690924480527989,16
1.5,3.7375,0.0106528717646809,0.0023509663047744603,0.01895477722458734,16
1.5,3.7625,0.008441283701766385,0.003289660569470323,0.013592906834062448,16
1.5,3.7875000000000005,0.008624730735396251,0.0011465540759736763,0.016102907394818827,16
1.5,3.8125,0.011745946804823918,0.0013009004920814995,0.022190993117566338,16
1.5,3.8375000000000004,0.012828273227789122,0.00287236747659215,0.022784178978986096,16
1.5,3.8625,0.01431444716125299,0.003996727344665595,0.024632166977840382,16
1.5,3.8875,0.013149315391101027,0.004010874089542338,0.022287756692659713,16
1.5,3.9125000000000005,0.009676486998458496,0.002345661428943542,0.01700731256797345,16
1.5,3.9375,0.00806438537570439,0.0010164582709422717,0.015112312480466508,16
1.5,3.9625000000000004,0.00787312942603427,0.0007508896396227795,0.01499536921244576,16
1.5,3.9875,0.008594951658019594,0.00029608908255810036,0.01689381423348109,16
1.5,4.0125,0.008543342115688787,0.000393124663252975,0.0166935595681246,16
1.5,4.0375,0.007735167336290384,0.00016111515705725422,0.015309219515523513,16
1.5,4.0625,0.007578209160684371,-0.0002554695117452984,0.01541188783311404,16
1.5,4.0875,0.007201444976486794,0.0011571652147074956,0.013245724738266091,16
1.5,4.112500000000001,0.005792776328622292,-0.0002617980709642472,0.011847350728208831,16
1.5,4.1375,0.002744054343008897,-0.0007683975218606993,0.006256506207878493,16
1.5,4.1625,0.0005655875861122423,-0.0002186428933404213,0.001349818065564906,16
1.5,4.1875,6.803174893924553e-05,-8.978982185009696e-06,0.00014504248006350074,16
1.5,4.2125,0.00028079836339424565,-0.00031466311339313133,0.0008762598401816226,16
1.5,4.237500000000001,0.0012531040372939254,-0.0014163150905523252,0.0039225231651401765,16
1.5,4.2625,0.0020869082302033574,-0.002311499482612023,0.006485315943018738,16
1.5,4.2875,0.0015202533269570648,-0.0011721375651414963,0.004212644219055626,16
1.5,4.3125,0.001479712368055259,-0.0011080343197482163,0.004067459055858734,16
1.5,4.3375,0.0020018254990663534,-0.002213093462200825,0.0062167444603335315,16
1.5,4.362500000000001,0.0012009478918850267,-0.001357237473666948,0.0037591332574370014,16
1.5,4.3875,0.00026781313204714106,-0.00030301704654955673,0.0008386433106438388,16
1.5,4.4125,2.19834405755516e-05,-2.4873153849038232e-05,6.884003500014143e-05,16
1.5,4.4375,6.638423840016857e-07,-7.511041637017249e-07,2.0787889317050966e-06,16
1.5,4.4625,0.0,0.0,0.0,16
1.5,4.487500000000001,6.786542830362061e-07,-7.678630801332037e-07,2.125171646205616e-06,16
1.5,4.5125,2.247394330644626e-05,-2.5428132941004608e-05,7.037601955389714e-05,16
1.5,4.5375,0.00027378867860397386,-0.00030977807598575385,0.0008573554331937016,16
1.5,4.5625,0.0012270357284817307,-0.001388329017375707,0.0038424004743391684,16
1.5,4.5875,0.0020243837815025183,-0.002287433185213258,0.006336200748218295,16
1.5,4.612500000000001,0.0012715387911102864,-0.0013382992521156335,0.0038813768343362066,16
1.5,4.6375,0.0008159469703091619,-0.0001188859416996898,0.0017507798823180136,16
1.5,4.6625,0.00245293748791778,-0.0010807876182537036,0.005986662594089264,16
1.5,4.6875,0.004029190629499525,-0.0017997052371421345,0.009858086496141184,16
1.5,4.7125,0.0027035735689322714,-0.000825793955607858,0.0062329410934724005,16
1.5,4.737500000000001,0.0017691940201869187,-0.0008879548896508144,0.004426342930024652,16
1.5,4.7625,0.002067542968085412,-0.002238623794501076,0.0063737097306719,16
1.5,4.7875000000000005,0.0012283796045273927,-0.0013867949062704172,0.0038435541153252024,16
1.5,4.8125,0.00027378867860397386,-0.00030977807598575385,0.0008573554331937016,16
1.5,4.8375,2.247394330644626e-05,-2.5428132941004608e-05,7.037601955389714e-05,16
1.5,4.862500000000001,6.786542830362061e-07,-7.678630801332037e-07,2.125171646205616e-06,16
1.5,4.8875,0.0,0.0,0.0,16
1.5,4.9125000000000005,0.0,0.0,0.0,16
1.5,4.9375,6.800336616602634e-07,-7.694237774505477e-07,2.1294911007710744e-06,16
1.5,4.9625,2.251962205300408e-05,-2.5479816138039164e-05,7.051906024404732e-05,16
1.5,4.987500000000001,0.000274345159658047,-0.0003104077062214971,0.0008590980255375911,16
1.5,5.0125,0.0012295297035396205,-0.0013911508243215924,0.003850210231400833,16
1.5,5.0375000000000005,0.002027824967460129,-0.002292851341374752,0.006348501276295011,16
1.5,5.0625,0.0012518227700387713,-0.0013661193275302725,0.003869764867607815,16
1.5,5.0875,0.0005466187367884787,-0.00024815679307927784,0.0013413942666562352,16
1.5,5.112500000000001,0.0012624774535508582,-0.001326231761014994,0.0038511866681167108,16
1.5,5.1375,0.0022851700647447785,-0.0019935223498231836,0.006563862479312741,16
1.5,5.1625000000000005,0.0024618692720152126,-0.0011230097864688092,0.006046748330499235,16
1.5,5.1875,0.0023237634883006555,-0.002050063568816418,0.006697590545417729,16
1.5,5.2125,0.00126700214909486,-0.0013832887878027962,0.003917293085992517,16
1.5,5.237500000000001,0.0002784053292145199,-0.00031347278102937623,0.0008702834394584161,16
1.5,5.2625,2.2797642078350617e-05,-2.5794381769373897e-05,7.138966592607512e-05,16
1.5,5.2875000000000005,6.884291389647356e-07,-7.78922836431446e-07,2.155781114360917e-06,16
1.5,5.3125,0.0,0.0,0.0,16
1.5,5.3375,0.0,0.0,0.0,16
1.5,5.362500000000001,0.0,0.0,0.0,16
1.5,5.3875,0.0,0.0,0.0,16
1.5,5.4125000000000005,0.0,0.0,0.0,16
1.5,5.4375,0.0,0.0,0.0,16
1.5,5.4625,0.0,0.0,0.0,16
1.5,5.487500000000001,0.0,0.0,0.0,16
1.5,5.5125,0.0,0.0,0.0,16
1.5,5.5375000000000005,0.0,0.0,0.0,16
1.5,5.5625,0.0,0.0,0.0,16
1.5,5.5875,0.0,0.0,0.0,16
1.5,5.612500000000001,0.0,0.0,0.0,16
1.5,5.6375,0.0,0.0,0.0,16
1.5,5.6625000000000005,0.0,0.0,0.0,16
1.5,5.6875,0.0,0.0,0.0,16
1.5,5.7125,0.0,0.0,0.0,16
1.5,5.737500000000001,0.0,0.0,0.0,16
1.5,5.7625,0.0,0.0,0.0,16
1.5,5.7875000000000005,0.0,0.0,0.0,16
1.5,5.8125,0.0,0.0,0.0,16
1.5,5.8375,0.0,0.0,0.0,16
1.5,5.862500000000001,0.0,0.0,0.0,16
1.5,5.8875,0.0,0.0,0.0,16
1.5,5.9125000000000005,0.0,0.0,0.0,16
1.5,5.9375,0.0,0.0,0.0,16
1.5,5.9625,0.0,0.0,0.0,16
1.5,5.987500000000001,0.0,0.0,0.0,16
2,0.0125,0.0,0.0,0.0,16
2,0.037500000000000006,0.0,0.0,0.0,16
2,0.0625,0.0,0.0,0.0,16
2,0.08750000000000001,0.0,0.0,0.0,16
2,0.1125,0.0,0.0,0.0,16
2,0.1375,0.0,0.0,0.0,16
2,0.16250000000000003,0.0,0.0,0.0,16
2,0.1875,0.0,0.0,0.0,16
2,0.21250000000000002,0.0,0.0,0.0,16
2,0.2375,0.0,0.0,0.0,16
2,0.2625,0.0,0.0,0.0,16
2,0.28750000000000003,0.0,0.0,0.0,16
2,0.3125,0.0,0.0,0.0,16
2,0.3375,0.0,0.0,0.0,16
2,0.36250000000000004,0.0,0.0,0.0,16
2,0.3875,0.0,0.0,0.0,16
2,0.41250000000000003,0.0,0.0,0.0,16
2,0.4375,6.446561879322816e-07,-7.29395950877985e-07,2.0187083267425482e-06,16
2,0.4625,2.196198296911924e-05,-2.3471903838372394e-05,6.739586977661087e-05,16
2,0.48750000000000004,0.0002823125566855597,-0.0002705378062897707,0.0008351629196608901,16
2,0.5125,0.0014828583408420856,-0.0010155255496747486,0.003981242231358919,16
2,0.5375000000000001,0.0040176876137387125,-0.000647658576378796,0.008683033803856221,16
2,0.5625,0.009179658832392384,0.0019518441254514013,0.01640747353933337,16
2,0.5875000000000001,0.020840576195969983,0.00815503102686724,0.03352612136507273,16
2,0.6125,0.036901469890938794,0.02071495315173567,0.053087986630141915,16
2,0.6375,0.057535099074799353,0.03941761994279695,0.07565257820680175,16
2,0.6625000000000001,0.08616563377529134,0.0571283472983124,0.11520292025227027,16
2,0.6875,0.11056085791008857,0.07241464265813838,0.14870707316203877,16
2,0.7125000000000001,0.13515089629549637,0.09635222941810763,0.17394956317288512,16
2,0.7375,0.16335785179266696,0.12430095908003753,0.2024147445052964,16
2,0.7625,0.1812757267747875,0.1450078629202531,0.2175435906293219,16
2,0.7875000000000001,0.1899951936200453,0.1524645389917183,0.2275258482483723,16
2,0.8125,0.2116083232700286,0.1674319166552216,0.2557847298848356,16
2,0.8375000000000001,0.2508438637723015,0.20174927335961299,0.29993845418499,16
2,0.8625,0.2946201314193027,0.23269325309948535,0.35654700973912007,16
2,0.8875,0.30827745391734307,0.23887177975016982,0.3776831280845163,16
2,0.9125000000000001,0.2972566541456554,0.23489027413280875,0.35962303415850205,16
2,0.9375,0.3089794344382434,0.2519505336773617,0.36600833519912507,16
2,0.9625000000000001,0.3473070099816754,0.2886492740103931,0.40596474595295773,16
2,0.9875,0.3827242539264693,0.31131768277876426,0.45413082507417435,16
2,1.0125000000000002,0.3767473425632649,0.30112673362666587,0.452367951499864,16
2,1.0375,0.3472337015465881,0.270881101479004,0.4235863016141722,16
2,1.0625,0.32556579983827266,0.2531037247527054,0.39802787492383995,16
2,1.0875,0.2833235751424635,0.21921704092828453,0.3474301093566424,16
2,1.1125,0.23296267657089523,0.1842193618897403,0.28170599125205015,16
2,1.1375000000000002,0.20268465467398517,0.15866425715603444,0.2467050521919359,16
2,1.1625,0.18629866333302253,0.13870738588709586,0.2338899407789492,16
2,1.1875,0.18001642670868004,0.139345047149412,0.22068780626794807,16
2,1.2125000000000001,0.16329357630246225,0.12767408044742082,0.19891307215750367,16
2,1.2375,0.1306591994909435,0.10200678136078603,0.159311617621101,16
2,1.2625000000000002,0.1060699379554901,0.08380306110247589,0.1283368148085043,16
2,1.2875,0.08849054061631206,0.06736183488607791,0.10961924634654621,16
2,1.3125,0.07023725593028936,0.04948972368521126,0.09098478817536745,16
2,1.3375000000000001,0.05176419990261858,0.028678919743509244,0.07484948006172792,16
2,1.3625,0.03916297401325242,0.01608693223140241,0.06223901579510244,16
2,1.3875000000000002,0.032988148143038534,0.015514374508393245,0.05046192177768383,16
2,1.4125,0.025193611210046023,0.014478118788817801,0.035909103631274246,16
2,1.4375,0.015648112672096245,0.009225408827633324,0.022070816516559167,16
2,1.4625000000000001,0.010071500454955131,0.0028036104673818153,0.017339390442528448,16
2,1.4875,0.0069265388445795125,-0.0003087672790297383,0.014161844968188763,16
2,1.5125000000000002,0.004429115599495202,0.0004130089252087233,0.00844522227378168,16
2,1.5375,0.004879841823621764,0.00015660665709210306,0.009603076990151425,16
2,1.5625,0.0060585665972396705,0.0001738423602434258,0.011943290834235915,16
2,1.5875000000000001,0.0049687685769756506,0.00011017979383096989,0.009827357360120331,16
2,1.6125,0.0045163682601098605,0.0006903765841130053,0.008342359936106715,16
2,1.6375000000000002,0.006650358917224609,0.0007459666629133169,0.012554751171535901,16
2,1.6625,0.00791494170677158,0.001855577700003514,0.013974305713539647,16
2,1.6875,0.008569096071966811,0.0026497301813985527,0.01448846196253507,16
2,1.7125000000000001,0.011083442532920106,0.0024566909902580987,0.019710194075582114,16
2,1.7375,0.015927431857823967,0.004678220870099928,0.027176642845548007,16
2,1.7625000000000002,0.02495498226827399,0.012016913485437382,0.0378930510511106,16
2,1.7875,0.04096953248206265,0.02562645543417621,0.056312609529949084,16
2,1.8125,0.06963709583324262,0.04793549848203016,0.09133869318445509,16
2,1.8375000000000001,0.10818736412516833,0.08783003027737989,0.12854469797295676,16
2,1.8625,0.15657569186700596,0.13199728962929577,0.18115409410471614,16
2,1.8875000000000002,0.2253232645521554,0.1853903055056038,0.26525622359870704,16
2,1.9125,0.32048936899552083,0.2688990150260014,0.37207972296504027,16
2,1.9375,0.44476913598078566,0.38698437053534557,0.5025539014262257,16
2,1.9625000000000001,0.5881465819250646,0.5345796097718435,0.6417135540782858,16
2,1.9875,0.7462753377771159,0.6845047609225758,0.8080459146316559,16
2,2.0125,0.9442357724846064,0.8624281213028734,1.0260434236663394,16
2,2.0375,1.1684342554757141,1.0621367446174343,1.2747317663339939,16
2,2.0625,1.373988185446513,1.261934326749496,1.48604204414353,16
2,2.0875000000000004,1.5231504319918172,1.4164040003915153,1.6298968635921192,16
2,2.1125,1.6432958976114687,1.5201056944337634,1.766486100789174,16
2,2.1375,1.7554210251578546,1.6477925032510141,1.863049547064695,16
2,2.1625,1.7933163117341224,1.6957734370591637,1.8908591864090811,16
2,2.1875,1.7318149350050356,1.635891117694007,1.8277387523160642,16
2,2.2125000000000004,1.600585131005221,1.5108350323951192,1.690335229615323,16
2,2.2375,1.4220263779165072,1.3350204510490684,1.509032304783946,16
2,2.2625,1.2018053715566948,1.108918295807429,1.2946924473059604,16
2,2.2875,1.0270224122470797,0.9349135838276182,1.119131240666541,16
2,2.3125,0.9099438894137928,0.814339034595568,1.0055487442320175,16
2,2.3375000000000004,0.7854174431880454,0.6882043596615607,0.8826305267145301,16
2,2.3625,0.6681215625935182,0.5745782924593779,0.7616648327276585,16
2,2.3875,0.6047439675877796,0.522779401875549,0.6867085333000101,16
2,2.4125000000000005,0.5670664997350142,0.5022578494305387,0.6318751500394897,16
2,2.4375,0.5140504525107941,0.4526309530975924,0.5754699519239957,16
2,2.4625000000000004,0.4756818558839801,0.40784114975659613,0.5435225620113641,16
2,2.4875,0.4728985077015843,0.415177957177385,0.5306190582257837,16
2,2.5125,0.4845172200142344,0.43725355268721783,0.531780887341251,16
2,2.5375000000000005,0.5072694212109472,0.4505947679685112,0.5639440744533831,16
2,2.5625,0.5466643535502359,0.47232038436638923,0.6210083227340826,16
2,2.5875000000000004,0.5644514254333104,0.4955611026495331,0.6333417482170877,16
2,2.6125,0.548345577125391,0.4813962786918509,0.6152948755589311,16
2,2.6375,0.5325171098566526,0.46691665664411014,0.598117563069195,16
2,2.6625000000000005,0.5411814778903878,0.4786175633192692,0.6037453924615065,16
2,2.6875,0.570684196894386,0.5107401234546709,0.6306282703341011,16
2,2.7125000000000004,0.5791941995921338,0.5259308863293567,0.6324575128549109,16
2,2.7375,0.5629472384234097,0.4981738851673617,0.6277205916794576,16
2,2.7625,0.5193041507465314,0.45268097395966395,0.5859273275333987,16
2,2.7875000000000005,0.4617816393155112,0.401716996371666,0.5218462822593564,16
2,2.8125,0.4141512538579417,0.3655816294777768,0.46272087823810665,16
2,2.8375000000000004,0.3731220774238105,0.3312416135519982,0.41500254129562275,16
2,2.8625,0.3282270807631611,0.2908611405510135,0.3655930209753087,16
2,2.8875,0.27229440228261503,0.22851894242539386,0.31606986213983623,16
2,2.9125000000000005,0.20916551317066692,0.1709383232555565,0.24739270308577735,16
2,2.9375,0.1499518613458973,0.12633540829262463,0.17356831439916998,16
2,2.9625000000000004,0.11941111118111294,0.10018232319516021,0.13863989916706568,16
2,2.9875,0.11036995524583765,0.08491273198394064,0.13582717850773465,16
2,3.0125,0.0905461568026203,0.06780189719088692,0.1132904164143537,16
2,3.0375000000000005,0.06374846713332848,0.04711182806757762,0.08038510619907933,16
2,3.0625,0.04378955193878211,0.02900160687359926,0.05857749700396496,16
2,3.0875000000000004,0.03000498583576891,0.017174604488599282,0.04283536718293854,16
2,3.1125,0.021970874484002367,0.010913083163603038,0.0330286658044017,16
2,3.1375,0.016804465606538123,0.00616214115037589,0.027446790062700357,16
2,3.1625000000000005,0.008976833115307108,0.0019968075161592366,0.01595685871445498,16
2,3.1875,0.00396712163900258,-0.000493709195246347,0.008427952473251506,16
2,3.2125000000000004,0.0035657322502187527,-0.0003982023428528128,0.007529666843290319,16
2,3.2375,0.0041016087010004665,-0.0014502998555648051,0.009653517257565738,16
2,3.2625,0.0025912635265074035,-0.000784694316439509,0.005967221369454316,16
2,3.2875000000000005,0.0016328361238341304,-0.000788879593517265,0.004054551841185526,16
2,3.3125,0.0018799412932681097,-0.002029360102597618,0.005789242689133838,16
2,3.3375000000000004,0.0011368891776952941,-0.0012348446182152617,0.00350862297360585,16
2,3.3625,0.0005111806945461226,-0.0002334477417081154,0.0012558091308003607,16
2,3.3875,0.001197308437992479,-0.001308679214764881,0.003703296090749839,16
2,3.4125000000000005,0.0019410026872022938,-0.002194745940706246,0.006076751315110834,16
2,3.4375,0.0011775664464078648,-0.0013308511287280574,0.003685984021543787,16
2,3.4625000000000004,0.00028520519668301305,-0.00027337971811806656,0.0008437901114840927,16
2,3.4875,0.00031077846520258544,-0.00030433282141092375,0.0009258897518160947,16
2,3.5125,0.0014664329157561642,-0.0016563042158775523,0.00458917004738988,16
2,3.5375000000000005,0.003193402058358544,-0.003566579776443136,0.009953383893160224,16
2,3.5625,0.0034232687828514626,-0.003324956905070309,0.010171494470773234,16
2,3.5875000000000004,0.002587477791153877,-0.0012176473710505619,0.006392602953358317,16
2,3.6125,0.002139609867170473,-0.0018114708949693056,0.006090690629310251,16
2,3.6375,0.0011449189751506091,-0.0012445139244290208,0.003534351874730239,16
2,3.6625000000000005,0.00025108519677182877,-0.0002825858041672628,0.0007847561977109203,16
2,3.6875,2.1177833953867616e-05,-2.2567753625158273e-05,6.492342153289351e-05,16
2,3.7125000000000004,2.1828790192902985e-05,-2.1927762447246728e-05,6.55853428330527e-05,16
2,3.7375,0.00027186243521883877,-0.0002616611154604846,0.0008053859858981622,16
2,3.7625,0.0013946617610062087,-0.0010213239139041969,0.0038106474359166143,16
2,3.7875000000000005,0.0032650998029254835,-0.0011764356243765713,0.007706635230227538,16
2,3.8125,0.004622385993000881,-0.00018189658325042796,0.00942666856925219,16
2,3.8375000000000004,0.0055341502059097335,0.000317175210220246,0.01075112520159922,16
2,3.8625,0.005146756127089135,-0.0005413313872645337,0.010834843641442804,16
2,3.8875,0.002554357505088892,-0.0007133336525126581,0.005822048662690442,16
2,3.9125000000000005,0.0007890260917707247,-8.6511172799734e-05,0.0016645633563411833,16
2,3.9375,0.0012280188381728165,-0.0012949228341955913,0.003750960510541224,16
2,3.9625000000000004,0.001957486648410583,-0.0022105204644792685,0.006125493761300435,16
2,3.9875,0.0012071985186161592,-0.001318391599136611,0.0037327886363689292,16
2,4.0125,0.0005212742116589267,-0.00023783431877626724,0.0012803827420941206,16
2,4.0375,0.0011717792113714405,-0.001276852619201483,0.0036204110419443642,16
2,4.0625,0.001896775183405598,-0.0021446141399941304,0.005938164506805326,16
2,4.0875,0.001150054399508542,-0.0013012285276924405,0.0036013373267095245,16
2,4.112500000000001,0.00025661182234174734,-0.0002903433297737198,0.0008035669744572145,16
2,4.1375,2.106398108379849e-05,-2.383283182493397e-05,6.596079399253096e-05,16
2,4.1625,6.36077113187927e-07,-7.196891606571658e-07,1.99184338703302e-06,16
2,4.1875,0.0,0.0,0.0,16
2,4.2125,0.0,0.0,0.0,16
2,4.237500000000001,0.0,0.0,0.0,16
2,4.2625,0.0,0.0,0.0,16
2,4.2875,0.0,0.0,0.0,16
2,4.3125,0.0,0.0,0.0,16
2,4.3375,0.0,0.0,0.0,16
2,4.362500000000001,0.0,0.0,0.0,16
2,4.3875,0.0,0.0,0.0,16
2,4.4125,0.0,0.0,0.0,16
2,4.4375,0.0,0.0,0.0,16
2,4.4625,0.0,0.0,0.0,16
2,4.487500000000001,0.0,0.0,0.0,16
2,4.5125,0.0,0.0,0.0,16
2,4.5375,0.0,0.0,0.0,16
2,4.5625,0.0,0.0,0.0,16
2,4.5875,0.0,0.0,0.0,16
2,4.612500000000001,0.0,0.0,0.0,16
2,4.6375,0.0,0.0,0.0,16
2,4.6625,0.0,0.0,0.0,16
2,4.6875,0.0,0.0,0.0,16
2,4.7125,0.0,0.0,0.0,16
2,4.737500000000001,0.0,0.0,0.0,16
2,4.7625,0.0,0.0,0.0,16
2,4.7875000000000005,0.0,0.0,0.0,16
2,4.8125,0.0,0.0,0.0,16
2,4.8375,0.0,0.0,0.0,16
2,4.862500000000001,0.0,0.0,0.0,16
2,4.8875,0.0,0.0,0.0,16
2,4.9125000000000005,0.0,0.0,0.0,16
2,4.9375,0.0,0.0,0.0,16
2,4.9625,0.0,0.0,0.0,16
2,4.987500000000001,0.0,0.0,0.0,16
2,5.0125,0.0,0.0,0.0,16
2,5.0375000000000005,0.0,0.0,0.0,16
2,5.0625,0.0,0.0,0.0,16
2,5.0875,0.0,0.0,0.0,16
2,5.112500000000001,0.0,0.0,0.0,16
2,5.1375,0.0,0.0,0.0,16
2,5.1625000000000005,0.0,0.0,0.0,16
2,5.1875,0.0,0.0,0.0,16
2,5.2125,0.0,0.0,0.0,16
2,5.237500000000001,0.0,0.0,0.0,16
2,5.2625,0.0,0.0,0.0,16
2,5.2875000000000005,0.0,0.0,0.0,16
2,5.3125,0.0,0.0,0.0,16
2,5.3375,0.0,0.0,0.0,16
2,5.362500000000001,0.0,0.0,0.0,16
2,5.3875,0.0,0.0,0.0,16
2,5.4125000000000005,0.0,0.0,0.0,16
2,5.4375,0.0,0.0,0.0,16
2,5.4625,0.0,0.0,0.0,16
2,5.487500000000001,0.0,0.0,0.0,16
2,5.5125,0.0,0.0,0.0,16
2,5.5375000000000005,0.0,0.0,0.0,16
2,5.5625,0.0,0.0,0.0,16
2,5.5875,0.0,0.0,0.0,16
2,5.612500000000001,0.0,0.0,0.0,16
2,5.6375,0.0,0.0,0.0,16
2,5.6625000000000005,0.0,0.0,0.0,16
2,5.6875,0.0,0.0,0.0,16
2,5.7125,0.0,0.0,0.0,16
2,5.737500000000001,0.0,0.0,0.0,16
2,5.7625,0.0,0.0,0.0,16
2,5.7875000000000005,0.0,0.0,0.0,16
2,5.8125,0.0,0.0,0.0,16
2,5.8375,0.0,0.0,0.0,16
2,5.862500000000001,0.0,0.0,0.0,16
2,5.8875,0.0,0.0,0.0,16
2,5.9125000000000005,0.0,0.0,0.0,16
2,5.9375,0.0,0.0,0.0,16
2,5.9625,0.0,0.0,0.0,16
2,5.987500000000001,0.0,0.0,0.0,16
2.5,0.0125,0.0,0.0,0.0,16
2.5,0.037500000000000006,0.0,0.0,0.0,16
2.5,0.0625,0.0,0.0,0.0,16
2.5,0.08750000000000001,0.0,0.0,0.0,16
2.5,0.1125,0.0,0.0,0.0,16
2.5,0.1375,0.0,0.0,0.0,16
2.5,0.16250000000000003,0.0,0.0,0.0,16
2.5,0.1875,0.0,0.0,0.0,16
2.5,0.21250000000000002,0.0,0.0,0.0,16
2.5,0.2375,0.0,0.0,0.0,16
2.5,0.2625,0.0,0.0,0.0,16
2.5,0.28750000000000003,0.0,0.0,0.0,16
2.5,0.3125,0.0,0.0,0.0,16
2.5,0.3375,0.0,0.0,0.0,16
2.5,0.36250000000000004,0.0,0.0,0.0,16
2.5,0.3875,0.0,0.0,0.0,16
2.5,0.41250000000000003,5.818722809336592e-07,-6.583591278359558e-07,1.8221036897032741e-06,16
2.5,0.4375,2.044936279000227e-05,-2.1795824727063833e-05,6.269455030706838e-05,16
2.5,0.4625,0.00027721136252260446,-0.00026252716981160936,0.0008169498948568183,16
2.5,0.48750000000000004,0.0016465509483914553,-0.0010954646947273074,0.0043885665915102175,16
2.5,0.5125,0.005455719996336978,-0.0007295279733771408,0.011640967966051095,16
2.5,0.5375000000000001,0.0136547120048605,0.00470922476361201,0.02260019924610899,16
2.5,0.5625,0.02895839992072711,0.0162190418742912,0.04169775796716302,16
2.5,0.5875000000000001,0.05096836099416419,0.03543509502536404,0.06650162696296434,16
2.5,0.6125,0.07326007038735398,0.05368166793075662,0.09283847284395133,16
2.5,0.6375,0.09319259163391524,0.07074166263640712,0.11564352063142337,16
2.5,0.6625000000000001,0.1209699174900134,0.09566249878662296,0.14627733619340383,16
2.5,0.6875,0.15663696715831604,0.12448447597752405,0.18878945833910804,16
2.5,0.7125000000000001,0.192115503186821,0.1539832574343046,0.2302477489393374,16
2.5,0.7375,0.24078447765572053,0.19368938564122662,0.28787956967021444,16
2.5,0.7625,0.31167955299378197,0.25111056241295043,0.3722485435746135,16
2.5,0.7875000000000001,0.36322325365388713,0.29147280562240535,0.4349737016853689,16
2.5,0.8125,0.3792306467513892,0.3047271931555524,0.45373410034722594,16
2.5,0.8375000000000001,0.408400137529503,0.3383636333034785,0.47843664175552747,16
2.5,0.8625,0.4638026439221644,0.3877242884429971,0.5398809994013317,16
2.5,0.8875,0.49764818607066486,0.4047839089823779,0.5905124631589518,16
2.5,0.9125000000000001,0.5003211620342968,0.41176802833062226,0.5888742957379712,16
2.5,0.9375,0.5185985055372052,0.4351053232772145,0.6020916877971959,16
2.5,0.9625000000000001,0.5482492747651045,0.47047499009686505,0.6260235594333441,16
2.5,0.9875,0.5802289461519292,0.509838048041704,0.6506198442621545,16
2.5,1.0125000000000002,0.5905788947720808,0.5177009309014047,0.6634568586427569,16
2.5,1.0375,0.565724433681009,0.4745773470156386,0.6568715203463794,16
2.5,1.0625,0.5135930320170292,0.4200919657887252,0.6070940982453332,16
2.5,1.0875,0.45663942533096974,0.37800000148197754,0.5352788491799619,16
2.5,1.1125,0.4149447203018711,0.34627058592159177,0.4836188546821504,16
2.5,1.1375000000000002,0.3759695269646214,0.3019597948933976,0.4499792590358452,16
2.5,1.1625,0.3290394172441122,0.25613702713169206,0.4019418073565323,16
2.5,1.1875,0.27535534607847384,0.2171995678870317,0.33351112426991597,16
2.5,1.2125000000000001,0.2319563129983313,0.19101259937098053,0.2729000266256821,16
2.5,1.2375,0.1979568963359588,0.16062924297917985,0.23528454969273777,16
2.5,1.2625000000000002,0.15864117185454193,0.12163407202388248,0.19564827168520138,16
2.5,1.2875,0.1170061889606947,0.08437002725547627,0.14964235066591314,16
2.5,1.3125,0.08429253607150058,0.059399668865042346,0.10918540327795882,16
2.5,1.3375000000000001,0.0545687425782733,0.03819715000194987,0.07094033515459673,16
2.5,1.3625,0.030802413548496985,0.019022954358198008,0.04258187273879596,16
2.5,1.3875000000000002,0.01851050030199174,0.0070200521990102915,0.030000948404973186,16
2.5,1.4125,0.014528681048949181,0.0029497720936953777,0.026107590004202985,16
2.5,1.4375,0.015331245200048681,0.004222722621337509,0.02643976777875985,16
2.5,1.4625000000000001,0.01355316807012852,0.0022801210077839813,0.02482621513247306,16
2.5,1.4875,0.007220771538070364,0.0005087139485308529,0.013932829127609875,16
2.5,1.5125000000000002,0.0029802940287645815,-0.0008642843148137878,0.006824872372342951,16
2.5,1.5375,0.0011565617228108762,-0.0010910559351184211,0.0034041793807401736,16
2.5,1.5625,0.00023925120748411716,-0.0002642057480971204,0.0007427081630653546,16
2.5,1.5875000000000001,2.0578337764882143e-05,-2.0648475576828572e-05,6.180515110659285e-05,16
2.5,1.6125,4.066771259684736e-05,-1.563710328232998e-05,9.697252847602471e-05,16
2.5,1.6375000000000002,0.0005144125334783292,-0.00016948688732812,0.0011983119542847784,16
2.5,1.6625,0.0026459105616170506,-0.0004167841110631629,0.005708605234297264,16
2.5,1.6875,0.006227347987325423,0.0007061472955295035,0.011748548679121344,16
2.5,1.7125000000000001,0.009004213831172005,0.002661237334324029,0.015347190328019981,16
2.5,1.7375,0.011805961322598667,0.003723856990451871,0.019888065654745463,16
2.5,1.7625000000000002,0.014598251141240524,0.00432228531875458,0.024874216963726468,16
2.5,1.7875,0.02016501484189724,0.010220323581154775,0.03010970610263971,16
2.5,1.8125,0.04024174162888365,0.026526063104685343,0.053957420153081956,16
2.5,1.8375000000000001,0.07779196542115158,0.053481828434729664,0.10210210240757349,16
2.5,1.8625,0.12414162752596866,0.09601818804750369,0.15226506700443365,16
2.5,1.8875000000000002,0.18015848916299673,0.1582191191445066,0.20209785918148687,16
2.5,1.9125,0.2681459392710119,0.23375741597914915,0.3025344625628746,16
2.5,1.9375,0.3960630169784449,0.35185280323178986,0.4402732307251,16
2.5,1.9625000000000001,0.5761637487163046,0.52860989662441,0.6237176008081992,16
2.5,1.9875,0.7886064333880747,0.7350400581804153,0.8421728085957341,16
2.5,2.0125,0.9956235620980742,0.91544873553945,1.0757983886566984,16
2.5,2.0375,1.2129903371569761,1.1091519471242746,1.3168287271896777,16
2.5,2.0625,1.430950490938643,1.3375552407016165,1.5243457411756696,16
2.5,2.0875000000000004,1.61010914947212,1.5223275798886526,1.6978907190555874,16
2.5,2.1125,1.7445021295586083,1.6450222941289363,1.8439819649882803,16
2.5,2.1375,1.8247941008165196,1.7045124592373964,1.9450757423956428,16
2.5,2.1625,1.7727862620340875,1.6546167239825584,1.8909558000856166,16
2.5,2.1875,1.6085427898822224,1.4928420155461524,1.7242435642182925,16
2.5,2.2125000000000004,1.371569646060414,1.2581179727164158,1.4850213194044124,16
2.5,2.2375,1.1481602333015153,1.0380268609646186,1.258293605638412,16
2.5,2.2625,0.9764515542914145,0.8786133533932934,1.0742897551895356,16
2.5,2.2875,0.8299340247326782,0.7345331294762796,0.9253349199890768,16
2.5,2.3125,0.6973748685007086,0.6147607708359368,0.7799889661654804,16
2.5,2.3375000000000004,0.5692667781916273,0.48550656391939095,0.6530269924638636,16
2.5,2.3625,0.45631123915725236,0.3738486921013343,0.5387737862131704,16
2.5,2.3875,0.3785051071915196,0.3136421841696615,0.4433680302133777,16
2.5,2.4125000000000005,0.3328342873052178,0.29227611157973377,0.37339246303070184,16
2.5,2.4375,0.3193854786416775,0.2835166794401539,0.35525427784320107,16
2.5,2.4625000000000004,0.3390611576388319,0.28545887767281514,0.3926634376048486,16
2.5,2.4875,0.3581426377245328,0.28422259374899345,0.43206268170007217,16
2.5,2.5125,0.3573715548115073,0.29366087608105385,0.4210822335419607,16
2.5,2.5375000000000005,0.3661149676698973,0.32391155875091304,0.4083183765888816,16
2.5,2.5625,0.3929307326299138,0.34569732660164304,0.44016413865818454,16
2.5,2.5875000000000004,0.42586408422360367,0.36056107044591923,0.4911670980012881,16
2.5,2.6125,0.4594467316566295,0.3934187960017264,0.5254746673115327,16
2.5,2.6375,0.4951134140080764,0.42697956232817846,0.5632472656879743,16
2.5,2.6625000000000005,0.5152666722261858,0.4532371321741497,0.577296212278222,16
2.5,2.6875,0.5055415283896127,0.4600771483349629,0.5510059084442626,16
2.5,2.7125000000000004,0.512653710158324,0.46845295079030896,0.5568544695263389,16
2.5,2.7375,0.5251634342436119,0.46524439707587995,0.5850824714113438,16
2.5,2.7625,0.5008343887660164,0.4379141171136375,0.5637546604183953,16
2.5,2.7875000000000005,0.43824873953668403,0.3892071864108914,0.48729029266247664,16
2.5,2.8125,0.37729125536796193,0.33249927234053006,0.4220832383953938,16
2.5,2.8375000000000004,0.34380202954192685,0.3007067755864422,0.3868972834974115,16
2.5,2.8625,0.3184328010402825,0.2806895457790165,0.35617605630154847,16
2.5,2.8875,0.2692986853650535,0.23982902731890307,0.29876834341120395,16
2.5,2.9125000000000005,0.19587791966055929,0.1616848056098624,0.23007103371125617,16
2.5,2.9375,0.13383432302552822,0.10537056522591229,0.16229808082514416,16
2.5,2.9625000000000004,0.09924815547186673,0.07629773050773672,0.12219858043599674,16
2.5,2.9875,0.07654838956737448,0.053630405191873384,0.09946637394287557,16
2.5,3.0125,0.059296900941725,0.04078218560275065,0.07781161628069935,16
2.5,3.0375000000000005,0.04194091481499082,0.028726966546706166,0.055154863083275475,16
2.5,3.0625,0.023137937625834527,0.013591070269244221,0.032684804982424834,16
2.5,3.0875000000000004,0.012202111651567569,0.005976140999451105,0.018428082303684035,16
2.5,3.1125,0.009050363527344884,0.003245072156988987,0.014855654897700781,16
2.5,3.1375,0.0073902769677668375,0.0014603950915643982,0.013320158843969277,16
2.5,3.1625000000000005,0.004516370117475617,-0.00020326282428662773,0.009236003059237862,16
2.5,3.1875,0.0016276452559693519,-0.0007489192869977737,0.004004209798936478,16
2.5,3.2125000000000004,0.00028660804496477956,-0.0002338546703153718,0.0008070707602449309,16
2.5,3.2375,2.1353126439130826e-05,-2.1448850579358343e-05,6.415510345761999e-05,16
2.5,3.2625,6.083210209761011e-07,-6.88284542737593e-07,1.904926584689795e-06,16
2.5,3.2875000000000005,0.0,0.0,0.0,16
2.5,3.3125,0.0,0.0,0.0,16
2.5,3.3375000000000004,0.0,0.0,0.0,16
2.5,3.3625,0.0,0.0,0.0,16
2.5,3.3875,0.0,0.0,0.0,16
2.5,3.4125000000000005,0.0,0.0,0.0,16
2.5,3.4375,0.0,0.0,0.0,16
2.5,3.4625000000000004,6.139019477740468e-07,-6.945990798269282e-07,1.922402975375022e-06,16
2.5,3.4875,2.0329640458859088e-05,-2.300196245856055e-05,6.366124337627872e-05,16
2.5,3.5125,0.00024890719358470364,-0.0002788099931580306,0.0007766243803274379,16
2.5,3.5375000000000005,0.0011510726487612326,-0.0012105299059708497,0.003512675203493315,16
2.5,3.5625,0.002330861252331922,-0.0016439332586872324,0.006305655763351076,16
2.5,3.5875000000000004,0.003354593836484519,-0.0018394109104438597,0.008548598583412899,16
2.5,3.6125,0.00394844002040738,-0.003922025495676206,0.011818905536490966,16
2.5,3.6375,0.0022649627170507106,-0.0025166661295321796,0.007046591563633601,16
2.5,3.6625000000000005,0.0005014592398021767,-0.0005659808929975602,0.0015688993726019136,16
2.5,3.6875,4.1111888868564764e-05,-4.6516027977423004e-05,0.00012873980571455253,16
2.5,3.7125000000000004,1.808550389238875e-06,-1.0263268713045138e-06,4.643427649782264e-06,16
2.5,3.7375,1.8779074661149497e-05,-2.1247575491382195e-05,5.880572481368119e-05,16
2.5,3.7625,0.00022877596364705337,-0.0002588484601033547,0.0007164003873974614,16
2.5,3.7875000000000005,0.0010253027358330575,-0.0011600783145190436,0.0032106837861851584,16
2.5,3.8125,0.0016904384294749964,-0.0019126457928254996,0.005293522651775492,16
2.5,3.8375000000000004,0.0010253027358330575,-0.0011600783145190436,0.0032106837861851584,16
2.5,3.8625,0.00022877596364705337,-0.0002588484601033547,0.0007164003873974614,16
2.5,3.8875,1.8779074661149497e-05,-2.1247575491382195e-05,5.880572481368119e-05,16
2.5,3.9125000000000005,5.670789178590771e-07,-6.416211839079254e-07,1.7757790196260796e-06,16
2.5,3.9375,0.0,0.0,0.0,16
2.5,3.9625000000000004,0.0,0.0,0.0,16
2.5,3.9875,0.0,0.0,0.0,16
2.5,4.0125,0.0,0.0,0.0,16
2.5,4.0375,0.0,0.0,0.0,16
2.5,4.0625,0.0,0.0,0.0,16
2.5,4.0875,0.0,0.0,0.0,16
2.5,4.112500000000001,0.0,0.0,0.0,16
2.5,4.1375,0.0,0.0,0.0,16
2.5,4.1625,0.0,0.0,0.0,16
2.5,4.1875,0.0,0.0,0.0,16
2.5,4.2125,0.0,0.0,0.0,16
2.5,4.237500000000001,0.0,0.0,0.0,16
2.5,4.2625,0.0,0.0,0.0,16
2.5,4.2875,0.0,0.0,0.0,16
2.5,4.3125,0.0,0.0,0.0,16
2.5,4.3375,0.0,0.0,0.0,16
2.5,4.362500000000001,0.0,0.0,0.0,16
2.5,4.3875,0.0,0.0,0.0,16
2.5,4.4125,0.0,0.0,0.0,16
2.5,4.4375,0.0,0.0,0.0,16
2.5,4.4625,0.0,0.0,0.0,16
2.5,4.487500000000001,0.0,0.0,0.0,16
2.5,4.5125,0.0,0.0,0.0,16
2.5,4.5375,0.0,0.0,0.0,16
2.5,4.5625,0.0,0.0,0.0,16
2.5,4.5875,0.0,0.0,0.0,16
2.5,4.612500000000001,0.0,0.0,0.0,16
2.5,4.6375,0.0,0.0,0.0,16
2.5,4.6625,0.0,0.0,0.0,16
2.5,4.6875,0.0,0.0,0.0,16
2.5,4.7125,0.0,0.0,0.0,16
2.5,4.737500000000001,0.0,0.0,0.0,16
2.5,4.7625,0.0,0.0,0.0,16
2.5,4.7875000000000005,0.0,0.0,0.0,16
2.5,4.8125,0.0,0.0,0.0,16
2.5,4.8375,0.0,0.0,0.0,16
2.5,4.862500000000001,0.0,0.0,0.0,16
2.5,4.8875,0.0,0.0,0.0,16
2.5,4.9125000000000005,0.0,0.0,0.0,16
2.5,4.9375,0.0,0.0,0.0,16
2.5,4.9625,0.0,0.0,0.0,16
2.5,4.987500000000001,0.0,0.0,0.0,16
2.5,5.0125,0.0,0.0,0.0,16
2.5,5.0375000000000005,0.0,0.0,0.0,16
2.5,5.0625,0.0,0.0,0.0,16
2.5,5.0875,0.0,0.0,0.0,16
2.5,5.112500000000001,0.0,0.0,0.0,16
2.5,5.1375,0.0,0.0,0.0,16
2.5,5.1625000000000005,0.0,0.0,0.0,16
2.5,5.1875,0.0,0.0,0.0,16
2.5,5.2125,0.0,0.0,0.0,16
2.5,5.237500000000001,0.0,0.0,0.0,16
2.5,5.2625,0.0,0.0,0.0,16
2.5,5.2875000000000005,0.0,0.0,0.0,16
2.5,5.3125,0.0,0.0,0.0,16
2.5,5.3375,0.0,0.0,0.0,16
2.5,5.362500000000001,0.0,0.0,0.0,16
2.5,5.3875,0.0,0.0,0.0,16
2.5,5.4125000000000005,0.0,0.0,0.0,16
2.5,5.4375,0.0,0.0,0.0,16
2.5,5.4625,0.0,0.0,0.0,16
2.5,5.487500000000001,0.0,0.0,0.0,16
2.5,5.5125,0.0,0.0,0.0,16
2.5,5.5375000000000005,0.0,0.0,0.0,16
2.5,5.5625,0.0,0.0,0.0,16
2.5,5.5875,0.0,0.0,0.0,16
2.5,5.612500000000001,0.0,0.0,0.0,16
2.5,5.6375,0.0,0.0,0.0,16
2.5,5.6625000000000005,0.0,0.0,0.0,16
2.5,5.6875,0.0,0.0,0.0,16
2.5,5.7125,0.0,0.0,0.0,16
2.5,5.737500000000001,0.0,0.0,0.0,16
2.5,5.7625,0.0,0.0,0.0,16
2.5,5.7875000000000005,0.0,0.0,0.0,16
2.5,5.8125,0.0,0.0,0.0,16
2.5,5.8375,0.0,0.0,0.0,16
2.5,5.862500000000001,0.0,0.0,0.0,16
2.5,5.8875,0.0,0.0,0.0,16
2.5,5.9125000000000005,0.0,0.0,0.0,16
2.5,5.9375,0.0,0.0,0.0,16
2.5,5.9625,0.0,0.0,0.0,16
2.5,5.987500000000001,0.0,0.0,0.0,16
3,0.0125,0.0,0.0,0.0,16
3,0.037500000000000006,0.0,0.0,0.0,16
3,0.0625,0.0,0.0,0.0,16
3,0.08750000000000001,0.0,0.0,0.0,16
3,0.1125,0.0,0.0,0.0,16
3,0.1375,0.0,0.0,0.0,16
3,0.16250000000000003,0.0,0.0,0.0,16
3,0.1875,0.0,0.0,0.0,16
3,0.21250000000000002,0.0,0.0,0.0,16
3,0.2375,0.0,0.0,0.0,16
3,0.2625,0.0,0.0,0.0,16
3,0.28750000000000003,0.0,0.0,0.0,16
3,0.3125,0.0,0.0,0.0,16
3,0.3375,0.0,0.0,0.0,16
3,0.36250000000000004,0.0,0.0,0.0,16
3,0.3875,5.449129666724021e-07,-6.165415285108717e-07,1.706367461855676e-06,16
3,0.41250000000000003,1.970344675060037e-05,-1.856952104880914e-05,5.797641455000988e-05,16
3,0.4375,0.00027912488146290457,-0.00018527383103685377,0.000743523593962663,16
3,0.4625,0.0018067342106381785,-0.000323683143603395,0.003937151564879752,16
3,0.48750000000000004,0.0066478527343658105,0.0019901517784671552,0.011305553690264467,16
3,0.5125,0.01717800856533878,0.00868524456658154,0.02567077256409602,16
3,0.5375000000000001,0.03343731753937352,0.02047691822667272,0.04639771685207432,16
3,0.5625,0.049856991229516825,0.033144139982432444,0.06656984247660121,16
3,0.5875000000000001,0.06576983983698276,0.046736636026021475,0.08480304364794404,16
3,0.6125,0.08950171493187686,0.06852763729405476,0.11047579256969897,16
3,0.6375,0.12260831967438654,0.1025473495166525,0.14266928983212057,16
3,0.6625000000000001,0.1626052221497757,0.1408854440291564,0.18432500027039503,16
3,0.6875,0.2057647511048131,0.17474512989363658,0.23678437231598962,16
3,0.7125000000000001,0.25612273188471657,0.2123103474443368,0.29993511632509634,16
3,0.7375,0.32111665605571255,0.27858757073071916,0.36364574138070593,16
3,0.7625,0.39371904768497273,0.3517744131733171,0.4356636821966284,16
3,0.7875000000000001,0.448367355354581,0.39789432945130543,0.49884038125785657,16
3,0.8125,0.48723212275160643,0.4253564662728766,0.5491077792303363,16
3,0.8375000000000001,0.5525805084335395,0.484211573946327,0.6209494429207518,16
3,0.8625,0.6389814543972989,0.556851439817329,0.7211114689772689,16
3,0.8875,0.6912697269191055,0.5991160258351087,0.7834234280031023,16
3,0.9125000000000001,0.7040870955100473,0.6064990720041389,0.8016751190159558,16
3,0.9375,0.7195838777753049,0.6178963353841593,0.8212714201664504,16
3,0.9625000000000001,0.7339495095934816,0.6354257735694074,0.8324732456175558,16
3,0.9875,0.7529382727991722,0.6641308607601519,0.8417456848381926,16
3,1.0125000000000002,0.7698847232241992,0.6906055900704395,0.8491638563779589,16
3,1.0375,0.7560191976832561,0.6732748476603333,0.8387635477061789,16
3,1.0625,0.7171822665535885,0.6234514414549703,0.8109130916522067,16
3,1.0875,0.653110275749941,0.5554765351123051,0.7507440163875768,16
3,1.1125,0.5780748545434606,0.4805958906206528,0.6755538184662685,16
3,1.1375000000000002,0.48739364101752286,0.39493132232133255,0.5798559597137132,16
3,1.1625,0.4134829514023601,0.33863902062264495,0.4883268821820752,16
3,1.1875,0.37104438081657104,0.31466783425600175,0.4274209273771403,16
3,1.2125000000000001,0.3253952729968179,0.2753165420242031,0.37547400396943276,16
3,1.2375,0.27458632923151105,0.2232830052586262,0.3258896532043959,16
3,1.2625000000000002,0.22216618102465843,0.1784533161397782,0.2658790459095387,16
3,1.2875,0.15474483704890885,0.12285032086873567,0.18663935322908204,16
3,1.3125,0.09166198322768576,0.07453664847943031,0.10878731797594121,16
3,1.3375000000000001,0.05919164308283883,0.047680623921842975,0.07070266224383467,16
3,1.3625,0.04887431653687891,0.03592331452141303,0.06182531855234479,16
3,1.3875000000000002,0.037243069815794956,0.025272477250051908,0.049213662381538,16
3,1.4125,0.021632728416083036,0.013665015523114532,0.02960044130905154,16
3,1.4375,0.012953916104374281,0.0041301644969832015,0.021777667711765362,16
3,1.4625000000000001,0.006975693538885258,0.0012016053485143993,0.012749781729256117,16
3,1.4875,0.002101820272802319,-0.00013131895933518037,0.0043349595049398185,16
3,1.5125000000000002,0.00030952507708349025,-0.00015366172159314735,0.0007727118757601279,16
3,1.5375,2.069918246813168e-05,-1.7350636876737706e-05,5.874900181300106e-05,16
3,1.5625,1.7062644378183979e-06,-2.499638337739265e-07,3.6624927094107223e-06,16
3,1.5875000000000001,3.910943754477818e-05,-1.7871804196192554e-05,9.609067928574892e-05,16
3,1.6125,0.000488846375385615,-0.0002242914121012567,0.0012019841628724867,16
3,1.6375000000000002,0.0023429145777106456,-0.0010939723098740937,0.005779801465295385,16
3,1.6625,0.00457356104850624,-0.002258560541887572,0.011405682638900051,16
3,1.6875,0.004326313956950548,-0.00191085422942713,0.010563482143328227,16
3,1.7125000000000001,0.0038905795810441446,0.00026423773636570676,0.007516921425722582,16
3,1.7375,0.005684476967542689,0.0005945866308019855,0.010774367304283394,16
3,1.7625000000000002,0.00741062639186215,0.0010625104557375623,0.01375874232798674,16
3,1.7875,0.01102931762182068,0.00402460165837749,0.01803403358526387,16
3,1.8125,0.021604969989510423,0.010743569647963615,0.03246637033105723,16
3,1.8375000000000001,0.04235990584711796,0.02616758848987513,0.05855222320436079,16
3,1.8625,0.08317198548320849,0.06021396429208899,0.106130006674328,16
3,1.8875000000000002,0.15062307016742277,0.12470688630341911,0.17653925403142642,16
3,1.9125,0.2442862996381536,0.2161430340004818,0.2724295652758254,16
3,1.9375,0.3688521685147405,0.3239729995033235,0.41373133752615754,16
3,1.9625000000000001,0.5287669636529061,0.4767414269501772,0.580792500355635,16
3,1.9875,0.730543032220647,0.674394554059287,0.7866915103820069,16
3,2.0125,0.9765517377345527,0.9046003952065345,1.048503080262571,16
3,2.0375,1.246860090763423,1.1697191348387024,1.3240010466881438,16
3,2.0625,1.4606243552420728,1.3614084290417061,1.5598402814424395,16
3,2.0875000000000004,1.623364612954132,1.4927196818272455,1.7540095440810184,16
3,2.1125,1.7552887044404681,1.6281938661477697,1.8823835427331665,16
3,2.1375,1.7686666810353682,1.6589012137437456,1.8784321483269908,16
3,2.1625,1.6407984420115327,1.5411938691166116,1.7404030149064538,16
3,2.1875,1.4262317812310354,1.3230178766738745,1.5294456857881964,16
3,2.2125000000000004,1.1949209946704606,1.0782156342238172,1.3116263551171041,16
3,2.2375,0.9791692016242842,0.8726006423459414,1.085737760902627,16
3,2.2625,0.7864953118693168,0.700790773231366,0.8721998505072676,16
3,2.2875,0.6460049164914486,0.5629758862391645,0.7290339467437328,16
3,2.3125,0.5296265135371458,0.45214761561827116,0.6071054114560206,16
3,2.3375000000000004,0.42466445236089745,0.3574963266028246,0.4918325781189703,16
3,2.3625,0.34064508484614986,0.2926044892660117,0.38868568042628804,16
3,2.3875,0.2606186104775648,0.22550294796605663,0.29573427298907295,16
3,2.4125000000000005,0.21200144921035385,0.17982567028913046,0.24417722813157725,16
3,2.4375,0.204228557319287,0.17253768716253007,0.2359194274760439,16
3,2.4625000000000004,0.2153979123358645,0.18050799096847903,0.25028783370325,16
3,2.4875,0.2396358451026302,0.19530272654298236,0.28396896366227803,16
3,2.5125,0.27308485066812743,0.21461262303190456,0.33155707830435033,16
3,2.5375000000000005,0.3033201717754894,0.24815667929442958,0.35848366425654926,16
3,2.5625,0.3272854067177544,0.28818105839517827,0.36638975504033056,16
3,2.5875000000000004,0.35242620593389273,0.31029361675595657,0.3945587951118289,16
3,2.6125,0.3756534819063973,0.3207136516176016,0.430593312195193,16
3,2.6375,0.40418795398212504,0.33843250064514036,0.4699434073191097,16
3,2.6625000000000005,0.4380514283987653,0.36932308944094483,0.5067797673565858,16
3,2.6875,0.4558269246319556,0.398869894417366,0.5127839548465453,16
3,2.7125000000000004,0.45962789482759303,0.424173220477504,0.49508256917768206,16
3,2.7375,0.4667323444573315,0.4293749116700012,0.5040897772446619,16
3,2.7625,0.47046481025714904,0.41575541543612066,0.5251742050781774,16
3,2.7875000000000005,0.43135122566285994,0.37460208018906643,0.48810037113665344,16
3,2.8125,0.35775078498014756,0.31107508880716744,0.4044264811531277,16
3,2.8375000000000004,0.3060445031476341,0.25961364301467615,0.35247536328059204,16
3,2.8625,0.2721846346315636,0.22991689147522198,0.31445237778790525,16
3,2.8875,0.2267424206089664,0.19506391078956753,0.2584209304283653,16
3,2.9125000000000005,0.15875914211717815,0.13015070926687003,0.18736757496748627,16
3,2.9375,0.097142094291953,0.07363157442337226,0.12065261416053374,16
3,2.9625000000000004,0.06614657341836591,0.05008548705674283,0.08220765977998899,16
3,2.9875,0.05444510755470186,0.03841700136854451,0.07047321374085921,16
3,3.0125,0.04169401846167016,0.02607840832353338,0.05730962859980694,16
3,3.0375000000000005,0.025682965729006742,0.01413136219733505,0.03723456926067843,16
3,3.0625,0.013907171469303786,0.005724894726302689,0.022089448212304883,16
3,3.0875000000000004,0.007982632368486764,0.001979650660126916,0.013985614076846611,16
3,3.1125,0.005132546884974847,-0.0002421119730404873,0.010507205742990182,16
3,3.1375,0.002309113108857385,-0.0006415686289896806,0.005259794846704451,16
3,3.1625000000000005,0.0004709053453517198,-0.0001822456693789352,0.0011240563600823747,16
3,3.1875,3.75130073765292e-05,-1.616626663882044e-05,9.119228139187885e-05,16
3,3.2125000000000004,1.1150695149455089e-06,-5.091535341613654e-07,2.739292564052383e-06,16
3,3.2375,0.0,0.0,0.0,16
3,3.2625,0.0,0.0,0.0,16
3,3.2875000000000005,0.0,0.0,0.0,16
3,3.3125,5.738877556378311e-07,-6.493250403184838e-07,1.797100551594146e-06,16
3,3.3375000000000004,1.900455240150635e-05,-2.15026921782427e-05,5.95117969812554e-05,16
3,3.3625,0.00023152284485722382,-0.00026195641760030745,0.0007250021073147552,16
3,3.3875,0.0010376134033301954,-0.001174007213664212,0.003249234020324603,16
3,3.4125000000000005,0.0017107352888340443,-0.0019356106651235766,0.005357081242791665,16
3,3.4375,0.0010376134033301954,-0.001174007213664212,0.003249234020324603,16
3,3.4625000000000004,0.00023152284485722382,-0.00026195641760030745,0.0007250021073147552,16
3,3.4875,1.900455240150635e-05,-2.15026921782427e-05,5.95117969812554e-05,16
3,3.5125,5.738877556378311e-07,-6.493250403184838e-07,1.797100551594146e-06,16
3,3.5375000000000005,0.0,0.0,0.0,16
3,3.5625,0.0,0.0,0.0,16
3,3.5875000000000004,0.0,0.0,0.0,16
3,3.6125,0.0,0.0,0.0,16
3,3.6375,0.0,0.0,0.0,16
3,3.6625000000000005,0.0,0.0,0.0,16
3,3.6875,0.0,0.0,0.0,16
3,3.7125000000000004,0.0,0.0,0.0,16
3,3.7375,0.0,0.0,0.0,16
3,3.7625,0.0,0.0,0.0,16
3,3.7875000000000005,0.0,0.0,0.0,16
3,3.8125,0.0,0.0,0.0,16
3,3.8375000000000004,0.0,0.0,0.0,16
3,3.8625,0.0,0.0,0.0,16
3,3.8875,0.0,0.0,0.0,16
3,3.9125000000000005,0.0,0.0,0.0,16
3,3.9375,0.0,0.0,0.0,16
3,3.9625000000000004,0.0,0.0,0.0,16
3,3.9875,0.0,0.0,0.0,16
3,4.0125,0.0,0.0,0.0,16
3,4.0375,0.0,0.0,0.0,16
3,4.0625,0.0,0.0,0.0,16
3,4.0875,0.0,0.0,0.0,16
3,4.112500000000001,0.0,0.0,0.0,16
3,4.1375,0.0,0.0,0.0,16
3,4.1625,0.0,0.0,0.0,16
3,4.1875,0.0,0.0,0.0,16
3,4.2125,0.0,0.0,0.0,16
3,4.237500000000001,0.0,0.0,0.0,16
3,4.2625,0.0,0.0,0.0,16
3,4.2875,0.0,0.0,0.0,16
3,4.3125,0.0,0.0,0.0,16
3,4.3375,0.0,0.0,0.0,16
3,4.362500000000001,0.0,0.0,0.0,16
3,4.3875,0.0,0.0,0.0,16
3,4.4125,0.0,0.0,0.0,16
3,4.4375,0.0,0.0,0.0,16
3,4.4625,0.0,0.0,0.0,16
3,4.487500000000001,0.0,0.0,0.0,16
3,4.5125,0.0,0.0,0.0,16
3,4.5375,0.0,0.0,0.0,16
3,4.5625,0.0,0.0,0.0,16
3,4.5875,0.0,0.0,0.0,16
3,4.612500000000001,0.0,0.0,0.0,16
3,4.6375,0.0,0.0,0.0,16
3,4.6625,0.0,0.0,0.0,16
3,4.6875,0.0,0.0,0.0,16
3,4.7125,0.0,0.0,0.0,16
3,4.737500000000001,0.0,0.0,0.0,16
3,4.7625,0.0,0.0,0.0,16
3,4.7875000000000005,0.0,0.0,0.0,16
3,4.8125,0.0,0.0,0.0,16
3,4.8375,0.0,0.0,0.0,16
3,4.862500000000001,0.0,0.0,0.0,16
3,4.8875,0.0,0.0,0.0,16
3,4.9125000000000005,0.0,0.0,0.0,16
3,4.9375,0.0,0.0,0.0,16
3,4.9625,0.0,0.0,0.0,16
3,4.987500000000001,0.0,0.0,0.0,16
3,5.0125,0.0,0.0,0.0,16
3,5.0375000000000005,0.0,0.0,0.0,16
3,5.0625,0.0,0.0,0.0,16
3,5.0875,0.0,0.0,0.0,16
3,5.112500000000001,0.0,0.0,0.0,16
3,5.1375,0.0,0.0,0.0,16
3,5.1625000000000005,0.0,0.0,0.0,16
3,5.1875,0.0,0.0,0.0,16
3,5.2125,0.0,0.0,0.0,16
3,5.237500000000001,0.0,0.0,0.0,16
3,5.2625,0.0,0.0,0.0,16
3,5.2875000000000005,0.0,0.0,0.0,16
3,5.3125,0.0,0.0,0.0,16
3,5.3375,0.0,0.0,0.0,16
3,5.362500000000001,0.0,0.0,0.0,16
3,5.3875,0.0,0.0,0.0,16
3,5.4125000000000005,0.0,0.0,0.0,16
3,5.4375,0.0,0.0,0.0,16
3,5.4625,0.0,0.0,0.0,16
3,5.487500000000001,0.0,0.0,0.0,16
3,5.5125,0.0,0.0,0.0,16
3,5.5375000000000005,0.0,0.0,0.0,16
3,5.5625,0.0,0.0,0.0,16
3,5.5875,0.0,0.0,0.0,16
3,5.612500000000001,0.0,0.0,0.0,16
3,5.6375,0.0,0.0,0.0,16
3,5.6625000000000005,0.0,0.0,0.0,16
3,5.6875,0.0,0.0,0.0,16
3,5.7125,0.0,0.0,0.0,16
3,5.737500000000001,0.0,0.0,0.0,16
3,5.7625,0.0,0.0,0.0,16
3,5.7875000000000005,0.0,0.0,0.0,16
3,5.8125,0.0,0.0,0.0,16
3,5.8375,0.0,0.0,0.0,16
3,5.862500000000001,0.0,0.0,0.0,16
3,5.8875,0.0,0.0,0.0,16
3,5.9125000000000005,0.0,0.0,0.0,16
3,5.9375,0.0,0.0,0.0,16
3,5.9625,0.0,0.0,0.0,16
3,5.987500000000001,0.0,0.0,0.0,16
